C01|弧度与弧长|定义弧度；弧长反求半径；链轮转角|看到弧长就先区分弧与弦。以圆心为顶点，θ=s/r；一圈为2π rad。多个轮子的弧长可相同，转角未必相同。|角度制数值不能直接代入s=rθ。|s24_42:1(a)|本题只考定义。必须同时交代圆心角和弧长等于半径这一条件；两者合成一个完整定义，得B1。|One radian is the angle subtended at the centre of a circle by an arc equal in length to the radius.
C02|角速度周期与转角|由周期求ω；由ω求转角；联立加速度求周期|先判断题目给的是一整圈时间还是部分转动时间。完整一圈用ω=2π/T；部分转动用θ=ωt；已知a和r可用T=2π√(r/a)。|分钟、小时先转秒；ω的单位不是Hz。|s23_41:2(c)(ii)|承接前问r=0.049 m、a=5.0 m s⁻²。联立a=rω²与ω=2π/T（C1），得T=2π√(0.049/5.0)=0.62 s（A1）。半径必须是水平圆轨道半径。|The angular speed is the angle swept out per unit time.
C03|实际轨道半径与线速度|槽内球心；圆锥摆投影；纬度圆半径|画出转轴到运动物体中心的垂直距离，再用v=rω。球有大小时扣除球半径；纬度φ用R cosφ；摆线与竖直夹角α用L sinα。|不能默认题中最大的长度就是r。|s24_42:1(c)(i)|球心半径为0.093−0.012=0.081 m。写v=rω（C1），ω=0.68/0.081=8.4 rad s⁻¹（A1）。如果直接用槽的0.093 m，物理模型已错。|The radius is the perpendicular distance from the rotation axis to the centre of the moving object.
C04|向心加速度大小|a=v²/r；a=rω²；a=vω；数量级|已知v选前式，已知ω选第二式。公式给的是加速度大小；方向另写指向圆心。比较时注明固定v还是固定ω。|固定v时a与r成反比，固定ω时a与r成正比，不能混用。|s24_42:1(c)(ii)|沿用r=0.081 m。a=v²/r（C1），代入0.68²/0.081=5.7 m s⁻²（A1）。也可用上一问ω，但中间不宜过早舍入。|Centripetal acceleration is directed towards the centre of the circular path.
C05|匀速圆周的矢量与方向|切向速度；向心加速度；速度改变而速率不变|速度沿轨迹切线，加速度与合力指向圆心。大小恒定不代表矢量恒定；垂直力改变运动方向而不改变速率。|不要写“匀速所以加速度为零”，也不要把速度画成径向。|w25_41:1(a)|比较矢量性质：速度和加速度的大小都不变（B1）；两者始终相互垂直（B1）。只说“两个都恒定”会漏掉方向在变。|Velocity and acceleration have constant magnitudes and are always perpendicular to each other.
C06|同一刚体不同位置比较|共用ω；v随r；a随r|同一刚体各点同时间转过同角度，因此ω相同。随后分别用v=rω、a=rω²判断内外侧大小，而不是背所有量都相同。|只适用于一起转动的刚体，不适用于独立卫星。|s24_42:1(d)|第二块更靠近转轴：角速度相同（B1），线速度较小（B1），向心加速度较小（B1）。原因是同一ω下二者均正比于r。|Both pieces have the same angular speed, but the inner piece has a smaller linear speed and centripetal acceleration.
C07|链轮传动与约束改变|共用链速；角速度比；换齿轮后的量变|不打滑的链条给两个接触轮缘相同线速度，故r₁ω₁=r₂ω₂。先按题干找固定的是车速、后轮转速还是踏频，再比较新旧传动。|与同一刚体共ω不同；不能不读固定条件就套比例。|s25_42:1(c)|按本题改变后的条件，同样时间点X移动距离更小，即链速减小（B1）；因此踏板角速度减小（B1）。完整理解还要用另一轮的半径约束解释链速来源。|The chain moves a smaller distance in the same time, so the angular speed of the pedals decreases.
C08|真实受力合成与临界条件|圆锥摆分解；地面接触力；振动失去接触|先画真实力，再沿向心方向列ΣF=ma；没有额外的“向心力”箭头。接触临界用N=0，悬线松弛用张力为零。|mg并非总沿圆心方向；临界不是总合力为零。|m24_42:3(b)(i)|在最高点接触力降至零时，重力独自提供向下加速度，所以a=g（C1）。简谐运动最大加速度ω²x₀=g，x₀=9.81/39²=6.4×10⁻³ m（A1）。|At the limit of contact, the normal contact force is zero and the downward acceleration equals g.
C09|近似合理性判断|比较a与g；比较合力与重力|要用无量纲比或明确数量级支持“可忽略”。a≪g意味着ma≪mg，再回到题目问的支撑力是否几乎等于重力。|“很慢”“很小”不能替代被比较的物理量。|w23_42:1(d)|前问a约5.5×10⁻⁷ m s⁻²，远小于9.81（B1）。所需向心合力远小于重力，因此时针施加的力近似与重力等大反向，变化可忽略（B1）。|The centripetal acceleration is negligible compared with g, so the resultant force is negligible compared with the weight.
C10|圆周运动投影成简谐运动|几何投影；相位；振幅是半幅|先从图判断投影是R sinθ还是R cosθ，再代θ=ωt。投影振幅为圆半径，不是直径；投影位置不等于物体真实位置。|投影加速度指向投影平衡点，不必指向屏幕上的圆心。|w25_41:1(c)(iii)|前两问已有x=R sinθ及θ=ωt。将第二式代入第一式，写出x=R sinωt，显示代入过程即A1。这是把二维匀速圆周映射为一维振动。|The projection follows x = R sin ωt and therefore has the displacement equation of simple harmonic motion.
C11|库仑力提供向心力|电子轨道；双粒子绕中点；邻近电荷扰动|先分别标库仑分离距离d与轨道半径r。列kₑ|Qq|/d²=mv²/r。两等质量粒子绕中点时d=2r；重核近似不动时d≈r。|分离距离和轨道半径混淆会带来4倍力误差。|s22_42:2(b)(i)|电力始终与粒子的速度垂直（B1），因此提供向心加速度，使路径弯曲而不改变速率（B1）。这里“电力”是真实相互作用，“向心”是它的作用效果。|The electric force is perpendicular to the velocity and produces centripetal acceleration.
G01|引力定律场强与场线|万有引力；g推导；径向场线；近地匀强近似|先区分力F与每单位质量的场强g。球外用距球心r：F=GMm/r²、g=GM/r²；方向永远指向质量。近地小高度变化才可近似g恒定。|把高度h直接当r，或把g写成取决于测试质量m。|s22_41:1(a)(i)|牛顿引力定律的两个独立比例：力与两点质量之积成正比（B1）；与它们间距平方成反比（B1）。关系适用于点质量，均匀球外可等效为球心点质量。|The force between two point masses is proportional to the product of their masses and inversely proportional to the square of their separation.
G02|多个引力场的叠加与零点|两天体之间；有符号g图像|场强是矢量。先画每个源产生的场向，再带方向相加。零点要求GM₁/x²=GM₂/(d−x)²，不能用引力势相消代替。|零场强不等于零引力势；两正质量的势均为负。|s22_41:1(b)(ii)|零场点的判据有两项：地球和月球产生的场强大小相等（B1），方向相反（B1）。只写“抵消”不如把这两项写全。|The two gravitational fields have equal magnitudes and opposite directions.
G03|引力势的负号与图像|定义；φ与1/r直线；球外φ图；比例|规定无穷远势为零，由引力吸引性判断近处势负。φ=−GM/r；φ对1/r的斜率为−GM。φ是每单位质量能量，不是力。|负值变得不那么负是增加，不是减小。|m24_42:1(a)|零势参考在无穷远（B1）；必须对质量做正功才能将其移到无穷远（B1），所以有限距离处引力势低于零。|Gravitational potential is zero at infinity. Positive work is required to move a mass from the point to infinity.
G04|引力势能与逃逸能量|U=mφ；落体变速；逃逸；已在运动的天体|写初末总能量K+U，不要只算势能差。恰好逃逸的末态在无穷远且速率趋于零；已有初动能需扣掉。|逃逸速度不等于圆轨道速度；轨道高度先加天体半径。|m24_42:1(b)(iii)|末态能量为0，需补ΔE=GMm/r−½mv²（C1）。分别代M=8.8×10²⁵、m=1200、r=8.3×10⁷、v=8400（C1），得约4.3×10¹⁰ J（A1）。|The energy supplied equals the increase in total mechanical energy, including both kinetic and gravitational potential energy.
G05|卫星圆轨道与线性图|T²与r³；高度与半径；图线求天体参数|用GMm/r²=4π²mr/T²，得到r³=GMT²/(4π²)。题给h时r=R+h；线性化必须识别实际横纵轴及指数。|用mgh处理大范围轨道变化，或把T²和T的斜率混淆。|m24_42:1(b)(ii)|先令引力等于向心合力并关联周期（C1）；将0.72天换成秒代入r³公式（C1），得到r=8.3×10⁷ m（A1）。测试卫星质量约去。|Gravity provides the centripetal force required for the circular orbit.
G06|同步轨道与自转参照系|同步周期；赤道平面；同向绕行|要固定在地面同一点上方，必须圆轨道、赤道平面、同自转方向且周期等于自转周期。地球按考纲用24 h；其他行星用题给值。|周期相同但轨道平面不同，仍不会固定在同一点上方。|s25_41:1(c)(ii)|除题中已给的周期条件，还须指出轨道位于赤道平面，或与火星自转同向；本小问任一条得B1。整理完整条件时不能因此只记一条。|The orbit is in the equatorial plane and in the same direction as the planet’s rotation.
T01|热平衡绝对温标与换算|无净热传递；K与摄氏；绝对零度|热平衡判据是同温，接触时没有净热传递。T=θ+273.15用于绝对温度；温差的K与°C数值相同。热力学温标不依赖特定物质性质。|同温不是内能相同；气体方程绝不能代摄氏温度。|s23_41:3(a)|热平衡意味着两者之间没有净热能传递（B1）。“净”允许微观能量交换在两个方向都发生，但平均不改变任何一方能量。|There is no net transfer of thermal energy between bodies in thermal equilibrium.
T02|测温性质标定与仪器选择|单值与线性；标定插值；响应慢；扰动被测物|先判断物理性质是否随温度改变且能唯一识别温度。线性关系易标定；非线性并非绝对不能测温。响应时间和热容量决定是否适合快速或小物体测温。|把摄氏刻度和某种温度计性质画等号；忽略温度计吸热。|s23_41:3(b)(i)|该密度测温关系的优点可写随温度线性变化，或每个温度有唯一密度值；本问任选一点得B1。若反向寻找温度会有两个解，则无法唯一读温度。|Each temperature corresponds to a unique value of the thermometric property.
T03|比热容热平衡与混合|定义；mcΔT；冷热混合；容器吸热|先列热量去向：热物失热=冷物吸热+容器吸热+环境损失。先求供热Q而非直接把ΔU当Q，再用c=Q/(mΔT)。|固液质量单位与c单位必须匹配；混合末温只有一个。|m24_42:2(b)(iii)|用c=Q/(mΔT)（C1），Q=960 J、m=0.016 kg、ΔT=416−293 K，得c=490 J kg⁻¹ K⁻¹（A1）。这里先前已求出末温。|Specific heat capacity is the thermal energy required per unit mass per unit rise in temperature.
T04|潜热与分阶段热量守恒|熔化；汽化；冰水混合；潜热差异|有相变的平台用Q=mL；相变前后升降温另用mcΔT。常温不变不等于内能不变；汽化需增大分子间势能并可能对外做功。|把熔化的冰直接按原水温差加热；漏掉融水升温。|s25_41:3(c)|热水失热为208×4.18×(26.4−10.3) J；冰吸热为37L+37×4.18×10.3 J。公式选择C1、温差C1、守恒方程C1，解得L=335 J g⁻¹（A1）。|During a change of state, thermal energy changes the molecular potential energy while the temperature remains constant.
T05|电加热曲线与热量修正|Pt；斜率求c；容器修正；热损失|由加热时长求输入Pt，再扣掉容器或环境吸收的能量。温度曲线斜率反映净功率/(总热容量)，平台要结合相变温度解释。|输入电能不是液体吸收的全部热量。|s23_41:3(c)(ii)|先Pt=810×21 J（C1）；用c=Q/(mΔθ)（C1）；扣容器吸热42×0.84×(80−25)≈1940 J（C1）。把剩余热量分给题定液体质量与55°C温升，c≈2.3 J g⁻¹ K⁻¹（A1）。|Some of the electrical energy heats the container, so it must be subtracted when calculating the energy gained by the liquid.
K01|理想气体状态方程|定义；pV=nRT；定量气体两状态；符号式|先确认气体数量是否固定。固定n时pV/T恒定；压力恒定才有V/T恒定，温度恒定才有pV恒定。所有绝对温度用K。|不同容器不能默认n相同；绝对压力不是压强差。|m24_42:2(b)(ii)|恒压且气量固定，所以V/T恒定（C1）。1.24/293=(1.24+0.520)/T，得T=416 K（A1）。体积使用同一种单位即可相约。|For a fixed amount of ideal gas at constant pressure, volume is proportional to thermodynamic temperature.
K02|摩尔分子数与分子尺度|N=nNₐ；单分子质量；数密度；平均间距|区分总质量M和单分子质量m，N=M/m=nNₐ。平均间距估算把每个分子平均占有体积V/N视为小立方体，边长约(V/N)^(1/3)。|把摩尔质量kg mol⁻¹直接当单分子质量kg。|s23_42:2(b)(i)|写pV=NkT（C1），T=227+273=500 K，将p=1.37×10⁵ Pa、V=0.640 m³代入（C1），得N=1.27×10²⁵（A1）。N是计数，没有mol单位。|The number of molecules is the amount of substance multiplied by the Avogadro constant.
K03|气体微观模型与压强解释|模型假设；碰壁动量；高压偏离；图中辨识|解释必须贯通碰壁→动量改变→墙对分子施力→分子对墙反作用力→单位面积上的平均力。高压下分子体积或相互作用可能不再可忽略。|“碰撞产生压力”通常不足；无作用力假设不能忽略碰撞期间作用力。|w24_42:4(b)|可依次写分子撞壁；动量改变；因此墙对分子施力；分子给墙等大反向力；许多分子的力分布在壁面积上形成压强。MS这组中任三点各B1，优先写连贯链条。|Collisions change molecular momentum. The wall exerts a force on the molecules, which exert an equal and opposite force on the wall.
K04|平均动能均方根速率与图像|联立两种pV式；√T曲线；质量比较；速度分布|由½m⟨c²⟩=3kT/2求cᵣₘₛ=√(3kT/m)。同温平均平动动能相同，但不同质量速率不同。rms是平方平均后开根，不是所有分子都有该速度。|把√⟨c²⟩当⟨c⟩；把T加倍误判速率也加倍。|s23_42:2(b)(iii)|平均动能关系C1；代单分子m=3.34×10⁻²⁷ kg和T=500 K（C1），得cᵣₘₛ=√(3×1.38×10⁻²³×500/m)=2490 m s⁻¹（A1）。|At the same temperature, molecules have the same mean translational kinetic energy; the root-mean-square speed depends on molecular mass.
H01|内能的微观构成与状态变化|定义；理想气体；固体加热；汽化|逐项判断微观动能和微观势能。升温通常提高随机运动动能；相变可在同温下增加势能。理想气体无分子间势能，在本考纲模型中U=3NkT/2。|内能不包括整个物体有序平移的动能。|m24_42:2(a)|理想气体内能是分子随机运动的总动能（M1），加上总分子势能，但理想气体模型中后者为零（A1）。不是“分子没有能量”，而是忽略相互作用势能。|Internal energy is the sum of the kinetic and potential energies associated with the random microscopic motion and arrangement of the particles.
H02|第一定律功的符号与热容量|ΔU=Q+W_on；恒压功；等容与绝热|先规定Q入系统为正、W_on外界对系统做功为正。膨胀W_on=−pΔV；压缩为正；等容功为零；绝热Q=0。题若问气体对外做功，其符号相反。|一看到pΔV就填正数；温度升高不一定有吸热。|w23_41:2(b)(iii)|此前气体膨胀对外做功5000 J，因此W_on=−5000 J。列ΔU=Q+W_on（C1），7600=Q−5000，得Q=12600 J（A1）。供热既增加内能又用于对外做功。|The increase in internal energy equals the thermal energy supplied to the system plus the work done on it.
H03|热力学循环与表格|每段ΔU符号；pV图面积；闭合循环净热量|沿循环逐段记录温度/体积变化，再填Q、W、ΔU。完整循环回到同一状态，ΣΔU=0；pV图围成面积给净对外功，顺时针通常为正。|内能是状态量，功和热量不是；别将单段等温与整圈混淆。|w25_42:4(d)|BC和DA等容所以功为0（B1）；整圈内能变化为0（C1）。净对外功20XY−8XY=12XY，因此净输入热量为+12XY（A1）。|Over a complete cycle the internal energy is unchanged, so the net heat input equals the net work done by the gas.
S01|简谐判据与恢复加速度|定义；a-x负斜率；斜率求ω；接触临界|用相对平衡位置x，检查a∝−x。a-x是过原点负斜率直线，斜率=−ω²。若给绝对高度h，先求x=h−h_eq。|“加速度指向中心”不够，还必须与位移成正比。|s24_42:4(a)|过原点直线说明加速度与位移成正比（B1）；负斜率说明方向总与位移相反（B1）。这两个证据一起确认SHM。|Acceleration is proportional to displacement from equilibrium and is always directed towards the equilibrium position.
S02|简谐运动图像相位与运动量|x-t与v-t；振幅；速度椭圆；偏置高度|从最大最小值先取中点和半差，再定周期、相位。x取sin时v取cos，a与x反相。v-x关系同时有正负两支，整圈是闭合椭圆。|单程幅度不等于来回路程；v-x不是抛物线。|s25_42:5(b)(ii)|最大速度发生于平衡位置，v₀=ωx₀（C1）。题给v₀=0.56 m s⁻¹、ω=16 rad s⁻¹，x₀=0.56/16=0.035 m（A1）。作图若横轴cm须转为3.5 cm。|The speed is maximum at equilibrium and is zero at the extreme displacements.
S03|简谐能量与位移图|总能量；K-x倒抛物线；U-x正抛物线；恒能比较|总能量E=½mω²x₀²，势能以平衡点为零时U=½mω²x²，K=E−U。图像先标±x₀、E和原点，再画形状。|这是振动系统的总恢复势能，不能只拿重力势能mgh代替。|m24_42:3(a)|使用E=½mω²x₀²（C1）；每周期总路程14 mm=4x₀，故x₀=3.5 mm，m=24 g（C1）；代E=2.2×10⁻⁴ J得ω=39 rad s⁻¹（A1）。|Kinetic and potential energy are exchanged while the total oscillation energy remains constant in the absence of damping.
S04|阻尼类型与返回平衡图|轻阻尼；临界阻尼；重阻尼；能量损耗|轻阻尼仍来回振动且幅度衰减；临界阻尼不振荡且最快返回；重阻尼也不振荡但更慢。以题给初位置初速度确定起点与切线。|非振荡不代表直线返回；不能在临界/重阻尼图越过平衡点来回摆。|s24_41:4(b)(ii)|阻尼机制需写振动系统失去能量（B1），原因是阻力作用（B1）。仅说“振幅减小”描述了现象，没有解释能量流向。|Resistive forces transfer energy out of the oscillating system, reducing the amplitude.
S05|受迫振动与共振|自然频率；驱动频率；振幅频率峰|先区别自由振动频率和外部驱动频率。考纲模型中驱动频率等于自然频率时振幅最大；幅频图横轴不是时间。|共振不是“频率最大”；峰的位置和峰的高度是不同信息。|s22_42:4(a)|共振定义包含最大振幅（B1），以及驱动频率等于系统自然频率（B1）。按考纲的表述答题，不自行把“振动最快”当判据。|Resonance occurs when the driving frequency equals the natural frequency, giving a maximum amplitude of oscillation.
E01|电场定义场线与导体|正试探电荷；平行板；球外径向；导体内部|先用正试探电荷定义场方向。正电荷向外、负电荷向内；匀强场平行等距。静电平衡导体内部E=0，表面场线垂直。|电子的受力与场向相反；不要在场线交叉处给出两个方向。|s23_41:1(a)(ii)|电场强度为单位正电荷所受的力，准确包含positive即B1。精确关系是矢量F=qE，q为负时受力反向。|Electric field strength is the force per unit positive charge.
E02|库仑定律与点电荷|定义；求力或电荷；电荷量倍数|用两个电荷之间距离，F=kₑ|Qq|/r²求大小，异号吸引同号排斥另判断方向。球形导体外部可以球心点电荷等效。|e是元电荷大小，不是任何粒子的实际电荷量。|s22_42:2(a)|力与两点电荷电荷量之积成正比（B1），与分离距离平方成反比（B1）。定律的适用对象和距离必须说清。|The force between two point charges is proportional to the product of their charges and inversely proportional to the square of their separation.
E03|场强叠加比例与零场|两个电荷；场势辨析；g和E消元|E是矢量，先判断两个场向，再相加或相减；反平方关系决定强弱。与引力联立时可消去相同r²，但测试质量/电荷各有定义。|V=0不推出E=0；位于两异号电荷中间时两场常同向。|s23_41:1(b)(i)|分别写g=GM/r²（M1）及E=Q/(4πε₀r²)（M1）；两式相除消去r²，M/Q=(g/E)/(4πGε₀)（A1）。消去半径来自相同的反平方模型。|Fields must be added as vectors, whereas electric potentials are added algebraically as scalars.
E04|电势与负梯度图像|定义；点电荷势；导体球；叠加；斜率|V=kₑQ/r有符号；总V直接代数相加。E=−dV/dx表示场指向电势降低方向。导体内势恒定但一般不为零；球半径可从图中平台边界读出。|把负电荷的运动方向直接当电场方向；将势的高度当场强。|w24_41:5(a)|电场等于电势梯度（M1），还必须指出负号（A1），即E=−dV/dx。在给定坐标方向上，势曲线下降得越陡，该方向场强越大。|The electric field is equal to the negative potential gradient.
E05|电势能释放与平衡|U=qV；能量转动能；势能极小；粒子释放|先计算U而非直接看V高低：负电荷会翻转关系。由静止释放用ΔK=−ΔU；两物体都动还需动量守恒。平衡看合力，稳定性看微扰。|电势极小不总是负电荷势能极小。|s24_42:5(c)|质子仍静止（M1），因为此处其势能已为极小值，或两电力等大反向、合场为零（A1）。这是正电荷的情况，不可直接推广到电子。|The proton remains at rest because the resultant electric force is zero.
E06|匀强电场平衡与偏转|E=V/d；mg=qE；加速；板内曲线板外直线|先定场向和粒子受力向，再用a=qE/m。垂直入射的初速度方向匀速、场方向匀加速；离开场后若无其他力则沿出口切线直线运动。|离场后不再继续弯曲；电场可改变速率，不同于纯垂直磁场。|s22_41:2(b)|竖直方向平衡mg=Eq（C1）。代m=1.6×10⁻¹⁰ kg、q=0.27×10⁻⁹ C，E=mg/q=5.8 N C⁻¹（A1）。重力与电力相抵不排除水平方向圆周运动。|For vertical equilibrium, the electric force is equal and opposite to the weight.
D01|电容定义与电荷电势关系|平行板；孤立球；Q-V斜率|C=Q/V表示存储电荷能力。平行板Q为一块板的电荷量大小，V为板间电势差；孤立球V相对无穷远。|两块板+Q和−Q不是把电容公式的Q改为2Q或0。|s22_42:5(a)|给出电荷量除以电势差（M1）；限定电荷是一块板上的电荷、电势差是两板间的值（A1）。电容单位F=C V⁻¹。|Capacitance is the charge on one plate divided by the potential difference between the plates.
D02|电容网络与公式推导|串联同Q；并联同V；混联|先标电路节点，确认两端是否相同。串联电压相加且Q相等，故倒数相加；并联Q相加且V相同，故电容相加。|不能套电阻的串并联规律；画得挨着不代表并联。|m24_42:4(a)|先将并联部分相加为30 μF（C1），再与45 μF串联：C_eq=(1/45+1/30)⁻¹=18 μF（A1）。结果小于串联两者中的较小者，可用于自检。|Capacitors in parallel have the same potential difference; capacitors in series carry equal charge magnitudes.
D03|电容储能与图下面积|½QV；½CV²；Q²/2C；固定V或Q比较|充电过程中电势差逐渐增加，因此能量是V-Q图下面积而非QV。变化问题先问电池是否仍连接：固定V和固定Q下C对能量的影响相反。|比较能量必须说明控制条件；不要漏1/2。|m24_42:4(b)|用E=½CV²（C1）。同一45 μF电容电压由9.6变8.0 V，能量减少½×45×10⁻⁶×(9.6²−8.0²)=6.3×10⁻⁴ J（A1）。|The stored energy is the area under the potential difference against charge graph.
D04|断开电源后的电荷重新分配|同电势终态；总电荷守恒；能量损失|先按连接极性带符号统计可转移的净电荷，再令连接后的共同电势为V_f。能量通常减少，转成内能等；不能同时强加电能守恒。|若电源仍连接，总电荷不一定守恒；必须读开关顺序。|s23_42:5(b)(i)|电荷从一个电容转移到另一个（B1），原因是两者初始电势差不同，直到电势差相等才停止（B1）。这给后问用共同V_f的依据。|Charge flows because the potential differences are unequal and stops flowing when they become equal.
D05|电容指数放电与原因|Q V I同指数；求时间；初始电流；物理解释|固定R、C且无电源补充时，V=Q/C、I=V/R、I=−dQ/dt联立成变化率正比于剩余量。计算取ln(x/x₀)=−t/(RC)。|指数衰减到零需无限时间；每个RC不是减少固定量。|s22_41:5(c)(iii)|允许跌幅10%，故末电压5.4 V；该放电段t=0.034 s（C1）。列5.4=6.0 exp[−0.034/(1200C)]（C1），C=2.7×10⁻⁴ F（A1）。|As the charge decreases, the voltage and current decrease, so the rate of loss of charge also decreases.
D06|时间常量与图像直线化|1/e点；半衰时间；初切线；两点法；ln图|τ=RC；t=τ时剩余x₀/e。两点都在同一次放电段可用τ=−Δt/ln(x₂/x₁)。lnx-t斜率=−1/τ；−ln(x/x₀)-t斜率=1/τ。|不同充放电周期的两点不能无条件相除。|m24_42:4(c)(ii)|同一次放电段读(5.0 ms,4.0 V)和(13.0 ms,3.2 V)（C1）；3.2=4.0 exp(−8.0/τ)（C1），τ=36 ms（A1）。指数中的两个时间须同单位。|The time constant is the time for the charge, voltage or current to fall to one over e of its initial value.
B01|磁场来源与场线图|直导线；线圈；螺线管；地磁场|磁场源为运动电荷或永久磁体。用右手握线判断方向；导线周围是同心圆，越远越弱。螺线管内近似匀强，外部类似条形磁铁。|线距反映强弱而不是粒子轨迹；磁极与地理极勿混。|m24_42:6(a)(i)|线圈内部指定区间磁通密度恒定且不为零，所以B对位置图应为非零水平线，得B1。水平是数值不随位置变，并非场线必须横向。|Inside a long solenoid, away from its ends, the magnetic field is approximately uniform.
B02|通电导线受力与相互作用|F=BILsinθ；定义B；天平读数；导线吸斥|先找外部磁场及电流方向，左手定受力，再代垂直有效长度。两导线各处在另一根导线产生的场中，同向电流吸引，反向排斥，力满足第三定律。|同一根线不把自身磁场代入自身整体受力公式。|m24_42:6(b)|弹簧电流产生磁场（B1）；相邻匝电流与彼此磁场相互作用产生力（B1）；同向电流使匝间吸引，间距变小（B1）。|Each turn carries current in the magnetic field of adjacent turns. The attractive forces reduce the separation of the turns.
B03|运动电荷磁力大小与方向|正负电荷；F=Bqvsinθ；垂直条件|磁力方向同时垂直v与B。先按正电荷定方向，再为负电荷反向。磁力总与速度垂直，因此单独作用时不做功。|不能将电子运动方向当传统电流方向。|s25_41:7(b)(i)|在本题v与B垂直，磁力大小F=BQv，写出关系得B1。若不垂直，需要sinθ；θ是v与B之间的夹角。|The magnetic force is perpendicular to both the velocity and the magnetic field.
B04|磁场圆轨道与周期|r=mv/qB；直径出口；双倍速率；周期独立r|以B|q|v=mv²/r联立圆周运动。半径随动量变，周期T=2πm/(|q|B)在非相对论模型下与速率无关。|出口间距可能是2r而非r；电荷符号决定弯向但半径用大小。|m24_42:5(b)(i)|令磁力等于向心合力（M1），写v=2πr/T（M1），消去v与r得到B=2πm/(qT)（A1）。本式q取电荷量大小。|A stronger magnetic field gives a smaller orbit radius for the same particle momentum.
B05|速度选择器|交叉电磁场；不偏转条件；更快更慢粒子|先确保两力方向相反，再令|q|E=|q|vB得到v=E/B。它选速度而非电荷或质量；改变电荷符号同时翻转两力。|有E和B不自动等于选择器，必须验证方向。|m24_42:5(b)(iv)|平衡条件qE=Bqv（C1）。E=Bv=0.052×1.1×10⁶=5.7×10⁴ N C⁻¹（A1）。选出的速度由场比决定。|The electric and magnetic forces are equal in magnitude and opposite in direction for the selected speed.
B06|霍尔电压与探头|电荷分离；横向平衡；厚度与载流子密度|运动载流子被磁力偏向一边，累积电荷建立横向电场，直到qE=qvB。结合I=nAqv得V_H=BI/(ntq)，t要按图取厚度。|霍尔电压跨哪两面由磁力方向决定，不是沿电流方向。|w23_42:7(a)(i)|直接用V_H=BI/(ntq)，代B=4.0×10⁻⁶、I=5.4、n=1.5×10¹⁶、t=1.8×10⁻³、q=1.60×10⁻¹⁹，得5.0 V（A1）。|Charge separation creates an electric field until the electric force balances the magnetic force.
I01|磁通与磁通链|Φ=BA；垂直有效面积；NΦ；位置图|Φ是穿过单匝的磁场量，NΦ才是N匝磁通链。面积取垂直于磁场的投影；有角度时看角是相对法线还是平面。|题目已给NΦ时不能再乘N；半径须平方。|m24_42:6(a)(iii)|磁通链用NBA（C1）。代0.080×0.71×10⁻⁴×64，得3.6×10⁻⁴ Wb（A1）；题目符号可能把磁通链也写Φ，须根据定义判断。|Magnetic flux linkage is the number of turns multiplied by the flux through each turn.
I02|法拉第定律与感应电动势大小|变化率；切线；运动导体；扫过面积|先确定变化的是B、A、角度还是NΦ。平均值用Δ(NΦ)/Δt，瞬时值用切线斜率。运动导体可由扫过面积速率推出Blv。|磁通大不保证emf大；磁通恒定时emf为零。|s22_41:6(b)(iii)|emf等于磁通链变化率（C1）。变化0.046 Wb、用时0.60 s，大小为0.046/0.60=0.077 V（A1）。|The induced e.m.f. is proportional to the rate of change of magnetic flux linkage.
I03|楞次定律方向与能量链|阻碍变化；线圈收缩；跳环；制动；极性|依次判断原磁通变化→感应磁场要阻碍该变化→所需电流→力或电势高低。磁阻力做负功时机械能转为电能/内能。|阻碍的是“变化”，不是永远反对原磁场；磁通减小时感应场可同向。|w24_42:1(b)(i)|指出感应emf的方向（M1），说明它所产生的效应阻碍导致感应的变化（A1）。只背“方向相反”没有说反对什么。|The induced e.m.f. is in a direction such that its effects oppose the change that produces it.
I04|磁通图与感应电压图|分段直线；正弦相位；零点与极值|把图当斜率读：水平段emf零；恒斜率段emf常数；磁通极值处emf零；磁通变化最快处emf极值。正負遵守统一线圈方向约定。|电压图不是复制磁通图；磁通峰对应电压零。|m24_42:6(a)(iv)|0到t时emf为零，t后非零（B1）；t到4t间各段大小恒定（B1）；t到2t与2t到4t符号相反（B1）。这来自磁通图各段斜率，不是直接读纵轴。|The induced e.m.f. depends on the gradient of the flux linkage graph, not on its vertical value.
A01|交流表达式与波形参数|峰值；周期；sin或cos；初相位|从V=V₀sinωt或cosωt识别峰值V₀及角频率ω，T=2π/ω。初时值和初斜率决定相位；时间轴ms先换算。|ω不是f；完整一个周期不是两个相邻过零点间隔。|w25_42:7(a)(i)|给定角频率40π rad s⁻¹，T=2π/(40π)=0.050 s（A1），即50 ms。对应频率20 Hz。|The period is the time for one complete cycle of the alternating signal.
A02|有效值平均功率与非正弦波|正弦√2；半波1/4峰功率；分段平方平均|有效值由相同电阻中的平均热功率定义。正弦可用V₀/√2；一般波形先平均V²再开根。P=V²/R恒非负，正弦P频率为电压的两倍。|半波整流不能仍套V₀/√2；平均电压不等于有效电压。|w23_41:7(c)(ii)|前问平均功率为(5/2)I₀²R。令平均功率=I_rms²R（C1），得I_rms=√(5/2)I₀（A1）。这是两档幅值方波，不能套正弦结果。|The r.m.s. current produces the same mean power in a resistor as an equivalent steady direct current.
A03|半波全波整流与二极管路径|单管；桥式；电流方向；输出频率|单管阻断一半周期；桥式每半周由一对二极管导通，使负载电流保持同方向。全波输出脉动周期为输入的一半，仍不是恒定电压。|把负半波全部删除是半波，不是全波；桥式不能随意画四个箭头。|s22_41:5(a)(i)|整流是将交流转为直流，得B1。这里直流指单向，可以仍有大小起伏；不要把整流和稳压/平滑混为一谈。|Rectification converts alternating current into direct current.
A04|电容平滑与负载影响|并联电容；峰间放电；RC与纹波|电容跨接负载，在输入高时快速充电，输入降低且二极管截止时经负载放电。RC越大，相邻峰间下降越少；全波更频繁补充电荷。|电容不是串联到负载；不能把整周期当每次实际放电时间。|m24_42:4(c)(i)|在负载电阻两端并联一个正确电容符号并闭合连接，得B1。电容提供峰间能量，故应与负载共用同一输出电压。|The capacitor discharges through the load between input peaks, reducing the variation in output voltage.
Q01|光子能量动量与数量|E=hf；eV；p=E/c；功率除单光子能量|先把单个光子和一束光分开。每个能量hc/λ，光子数率=P/E，若给强度则先P=IA。光子有动量但不能用经典mv求。|频率增大时固定功率的光子数率反而减少。|m24_42:7(a)|用光子p=E/c（C1），p=3.11×10⁻¹⁹/(3.00×10⁸)=1.04×10⁻²⁷ N s（A1）。不是把光子静质量代入mv。|A photon is a quantum of electromagnetic energy and has momentum equal to its energy divided by c.
Q02|光电效应阈值与图像|功函数；阈频阈波长；最大动能；遏止电压；强度|先检验hf≥Φ，再用K_max=hf−Φ=eV_s。K-f斜率h、截距−Φ；V_s-f斜率h/e。频率定单个能量，固定频率下强度定光子数率。|低于阈频时增强光照不能释放电子；不要把图的斜率一律写h。|m24_42:7(c)(ii)|功函数2.26 eV先转为2.26×1.60×10⁻¹⁹ J（C1）；阈值满足Φ=hc/λ₀，得λ₀=5.50×10⁻⁷ m（A1）。这是仍能产生光电效应的最长波长。|An electron absorbs one photon. Emission occurs only if the photon energy is at least the work function energy.
Q03|波粒二象性的实验证据|光电效应；光干涉衍射；电子衍射|按“实验现象支持哪种性质”作答。光电效应支持光的粒子描述；干涉和衍射支持波描述；电子衍射说明物质粒子也有波性质。|不能说电子因此变成电磁波；也不是一次实验消灭另一种描述。|s22_42:8(a)(i)|题问电磁辐射粒子性证据，答案为光电效应，B1。若问电子波性则应答电子衍射，二者不可互换。|The photoelectric effect supports the particle nature of electromagnetic radiation; electron diffraction supports the wave nature of electrons.
Q04|德布罗意波长与衍射变化|λ=h/p；加速电压；环纹间距；宏观尺度|非相对论粒子先由qV=½mv²求p=√(2mqV)，再求λ=h/p。动量增大→波长减小→相同装置下衍射角或条纹间距减小。|只写“速度越大衍射越小”缺少动量和波长的中间链。|s22_42:8(b)(i)|λ=h/p（C1）；α粒子p=(4×1.66×10⁻²⁷)×6.2×10⁷≈4.1×10⁻¹⁹ N s（C1）；λ=1.6×10⁻¹⁵ m（A1）。|Increasing the accelerating voltage increases momentum, decreases the de Broglie wavelength and reduces the diffraction angle.
Q05|离散能级与线光谱|发射吸收；hf=能级差；负能级；多线组合|跃迁只用能级差的正大小作为光子能量。向低能级跃迁发射，向高能级跃迁吸收。负号表明束缚状态，不表示光子负能量。|多个跃迁的频率差/和须按能级图连线，不能随意加波长。|s23_42:8(a)|一次跃迁发射一个能量等于两能级差的光子（B1），其频率由光子能量确定（B1）。离散能级差使光谱出现特定谱线而非连续所有频率。|A transition emits a photon whose energy equals the difference between the two energy levels.
Q06|正负电子湮灭与守恒|反粒子；两光子；静能与动能；动量方向|静止或总动量为零的电子正电子对产生等能反向光子，每个至少m_ec²；有初动能时把总初能加上，再按对称性分配。|把2m_ec²全给每一个光子会多一倍；动能非零不能只算静能。|s25_41:8(d)(v)|每个粒子静能mc²（C1），每个光子能量hc/λ（C1）。本题两粒子等大反向动量，因此每光子能量=mc²+1.1×10⁻¹⁵ J，得λ=2.39×10⁻¹² m（A1）。|The photons travel in opposite directions to conserve momentum when the initial total momentum is zero.
Q07|辐射压力与光子动量通量|吸收P/c；反射2P/c；固定功率改变频率|从单光子动量变化乘每秒光子数得到力；再除面积求压强。完全吸收Δp=p，正入射完全反射Δp=2p。|固定功率提高频率时单光子动量增加，但数率下降，不能只看一项。|m24_42:7(b)(ii)|力为动量变化率（M1）。吸收能量E的光束动量E/c，时间E/P；F=(E/c)/(E/P)=P/c（A1）。这是吸收情境，反射需考虑返回方向。|The force equals the rate of change of photon momentum.
N01|质量亏损与结合能|定义；核子和核质量；u与J；每核子|质量亏损=自由核子质量总和−核质量，结合能=Δmc²；每核子结合能再除A。用原子质量还是核质量必须整套一致。|结合能是拆散所需能量，不是“核内储存可直接释放的总量”。|s24_42:9(b)(i)|自由核子质量为84×1.007276+128×1.008665 u，减核质量211.942749 u（C1）得到1.778 u；换kg（C1）得2.95×10⁻²⁷ kg（A1）。|Mass defect is the difference between the total mass of the separated constituent nucleons and the mass of the nucleus.
N02|结合能曲线与裂变聚变|峰约A56；稳定性；反应能；总结合能|曲线纵轴是每核子结合能，轻核快速上升、重核缓慢下降。反应趋向更高每核子结合能可放能；计算要先乘各产物/反应物A回到总结合能。|不能直接相减几个“每核子结合能”来算整次反应能。|m24_42:8(b)(ii)|先算产物总结合能减反应物总结合能（C1）：142×8.37+90×8.72−235×7.59=约190 MeV（A1）。自由中子的结合能为零。|Energy is released when the products have a greater total binding energy than the reactants.
N03|衰变随机自发与探测计数|random；spontaneous；计数涨落；活度与计数率|随机指不能预测某个核何时衰变，自发指不受外部环境影响。活度是源中真实每秒衰变数；探测器计数低可能因几何、吸收或效率。|“随机”不意味着宏观平均规律不能预测；别把涨落当仪器故障。|w24_42:10(a)(i)|不能预测一个特定原子核何时衰变，或不能预测下一个是哪一个核，任一表述得B1。常数概率和大量样本的指数律与随机并不矛盾。|It is not possible to predict when a particular nucleus will decay.
N04|活度指数律与半衰图像|A=λN；半衰期；ln图；双样本相等；子核增加|先用同一时间单位求λ=ln2/t_half，再决定未知量是剩余核数还是活度。稳定子核数=N₀−N。双样本比较可将两个指数相除取ln。|只在探测条件不变且扣除背景后，计数率才随同一指数变化。|m24_42:8(b)(iv)|6.0 s后剩1/32（C1），1/32=(1/2)⁵说明经过5个半衰期（C1），t_half=6.0/5=1.2 s（A1）。使用指数法也可以，但单位要一致。|The activity is proportional to the number of undecayed nuclei, so the activity decreases as the number of nuclei decreases.
N05|核反应守恒与粒子识别|A和Z；β⁺；中子富余；能量分配|核反应两边核子数A和电荷数Z分别守恒。β⁺的A=0、Z=+1；识别粒子后检查是否需要中微子承担能量动量。|原子序数变化不代表核子数必变；不要把电子质量数写1。|w23_42:9(a)(ii)|本题缺失粒子为β⁺或e⁺，其电荷数+1（B1）；质量数0，另一未知核子数为18（B1）。每一步都可由反应两边A、Z相等反推。|Nucleon number and charge are conserved in a nuclear reaction.
N06|反应能量反应次数与功率|单次Δmc²；mol倍数；消耗质量率；反冲修正|先算每次反应能量ε，再由P/ε求每秒反应次数；根据化学计量或核计量确定每次消耗多少核。直接P=质量亏损率×c²只对亏损质量而非全部燃料成立。|一mol反应物未必等于一mol反应；燃料质量与亏损质量不同。|s22_41:8(c)|反应质量差0.00351 u（C1）；用Δmc²（C1），转kg得单次5.24×10⁻¹³ J（C1）。每次消耗两个氘核，1 mol氘只发生0.5Nₐ次（C1），总能量1.58×10¹¹ J（A1）。|The number of reactions must be obtained from the number of reactant nuclei and the number consumed per reaction.
M01|X射线产生与最短波长|电子加速；靶减速；eV=hc/λ_min；耐热靶|电子经高电压获得动能，撞金属靶急减速发射X射线。最大光子能量只在一个电子全部动能转给单光子时取得，对应最短波长。|典型光子能量不一定等于eV；大量能量加热靶。|m24_42:9(a)(i)|以最大能量eV=hc/λ_min（C1）；V=84×10³ V，λ_min=(6.63×10⁻³⁴×3.00×10⁸)/(1.60×10⁻¹⁹×84×10³)=1.5×10⁻¹¹ m（A1）。|X-rays are emitted when accelerated electrons are decelerated on striking a metal target.
M02|指数衰减分层路径与对比度|I/I₀；ln求μ或厚度；多层乘积；吸收百分比|每层透射因子exp(−μx)相乘，即指数中的μx相加。对比度来自不同路径到达探测器的强度差异；吸收比例为1−透射比例。|μ为cm⁻¹时x用cm；衰减不能只算最显眼的一层。|m24_42:9(b)|I=I₀exp(−μx)（C1）。两层同厚x，0.13=exp(−3.0x)exp(−0.22x)（C1）；x=−ln0.13/3.22=0.63 cm（A1）。|Different tissues attenuate X-rays by different amounts, producing different transmitted intensities and image contrast.
M03|CT分层多角度重建|同层多角度；二维切片；多层三维|回答按空间层级组织：同一薄层多方向照射并重建2D截面，再沿轴改变层位置，最后将截面组合为3D。|只说“电脑把图片合起来”漏掉不同角度与分层。|w25_42:10(c)|扫描薄层（B1）；同层从多个角度采集（B1）；对所有层重复并将数据重建成三维结构（B1）。三步不是三次相同方向拍照。|Multiple images of each thin section are taken from different angles. The reconstructed sections are combined to form a three-dimensional image.
M04|超声压电换能与回波定位|发射接收；脉冲；时间定深度；强度定边界|交流电压使压电晶体振动发超声，回波使晶体变形产生电压。往返时间给d=ct/2；回波强度含反射率和传播衰减信息。|超声探测看反射波，X射线成像常看透射波；距离别漏/2。|s24_42:10(a)|回波时间给界面深度信息（B1）；回波强度给界面性质信息（B1）。深度是单程，但时间包括去和回。|The echo time gives the depth of the boundary, while the echo intensity gives information about the nature of the boundary.
M05|声阻抗反射透射与耦合剂|Z=ρc；反射系数；1−R；多界面；凝胶|先分别算两种介质Z，再求R_I=[(Z₂−Z₁)/(Z₂+Z₁)]²。声阻抗接近则反射少。真实深层回波还需考虑去回衰减及多个界面。|反射系数是强度比不是幅度比；透射并不等于最后收到的回波。|s24_42:10(b)(ii)|水Z=1.42×10⁶，玻璃Z=11.4×10⁶ kg m⁻² s⁻¹（C1）；代反射公式（C1），R_I=(11.4−1.42)²/(11.4+1.42)²=0.61（A1）。|Similar acoustic impedances give little reflection, allowing most of the ultrasound to be transmitted.
M06|PET示踪与图像形成|β⁺示踪剂；湮灭；探测时间；半衰期权衡|示踪剂被组织吸收后衰变发正电子，遇电子湮灭发反向γ光子；体外探测并处理到达时间，重建示踪剂浓度。半衰期须兼顾检查时长和照射。|PET不是直接探测正电子穿出身体；不能用任意β衰变替代β⁺。|w23_42:9(b)(ii)|处理一对光子的到达时间（B1），由此建立组织中示踪剂浓度图像（B1）。完整成像还要接上前问的湮灭来源。|The arrival times of the gamma photons are processed to build an image of tracer concentration in the tissue.
Z01|光度辐射通量与标准烛光|L与F；反平方距离；已知光度测距|L是源总功率，F是单位面积接收功率。球面对称传播给F=L/(4πd²)；标准烛光提供已知L，测F后反求距离。|F不是总光度；不能把望远镜面积代为4πd²。|m24_42:10(a)(ii)|F=L/(4πd²)（C1），代L=3.85×10²⁶ W、d=1.50×10¹¹ m，得1.36×10³ W m⁻²（A1）。距离加倍，F成为四分之一。|A standard candle has a known luminosity. Its distance can be found from its measured radiant flux intensity.
Z02|斯特藩定律与恒星半径|L=4πσr²T⁴；比值；联立温度|将总光度与恒星表面积和温度联系。已知L和T求r；比较两星时先用L比=(r比)²(T比)⁴，避免大数反复代入。|T需用K；半径开平方，温度开四次方根。|m24_42:10(a)(i)|写L=4πσr²T⁴（C1）。代L=3.85×10²⁶、σ=5.67×10⁻⁸、T=5780 K，r=6.96×10⁸ m（A1）。r是恒星半径而非到地球的距离。|For a black-body star, luminosity is proportional to surface area and to the fourth power of surface temperature.
Z03|维恩定律谱峰与偏差|λ_maxT常量；温度比；谱峰移动；红移温度偏低|先识别横轴是否为波长。表面温度越高，波长谱峰越短；由峰λ估T，再与光度求半径。远离红移使观测峰波长偏大，未经修正温度偏低。|谱线波长不等于连续谱峰波长；不要混淆λ图与f图。|m24_42:10(a)(iii)|较冷黑体的同类谱形峰移到更长波长（B1），峰强度降低（B1）。不仅移动峰的位置，还须按温度改变曲线高度。|The wavelength of maximum emission is inversely proportional to thermodynamic surface temperature.
Z04|谱线红移与退行速度|发射和吸收线；Δλ/λ；频率轴方向；系统偏差|先找同一谱线的实验室波长λ₀，算λ_obs−λ₀；近似v/c=Δλ/λ₀。波长变长对应频率降低，所以频率轴上的移动方向与波长轴相反。|分母用原波长，不用波长差或观测波长。|m24_42:10(b)(ii)|Δλ/λ₀=v/c（C1）；Δλ=(21400/300000)×656=46.8 nm，观测λ=656+46.8=703 nm（A1）。必须从位移加回原波长。|A receding source has an observed wavelength greater than the emitted wavelength.
Z05|哈勃关系与宇宙膨胀证据|v=H₀d；斜率；红移证据；大爆炸回推|已得退行速度后用哈勃关系求距离，或由v-d图斜率求H₀。解释链为遥远星系普遍红移→退行→宇宙尺度膨胀→过去更致密。|单颗星运动不独自证明宇宙膨胀；斜率单位s⁻¹。|s22_42:9(a)(i)|速度与距离成正比（M1），并说明速度是星系相对观察者的退行速度、距离是星系到观察者距离（A1）。关系是大尺度近似，不必适用于引力束缚的每颗近邻星。|The recession speed of a galaxy is proportional to its distance from the observer.
X01|综合题中的AS基础接口|弹簧增量；密度体积；电流漂移|遇到非A2专属小问也不能跳过。弹簧k=ΔF/Δx，密度ρ=M/V，电流I=nAqv。先分清总量、单位体积量和单粒子量，再接入A2模型。|有初始张力时不能把总张力除以新增伸长；m在不同题可能含义不同。|s23_41:2(b)(iii)|静止初张力mg=0.29×9.81 N，旋转张力3.2 N，所以Δ张力=3.2−mg（C1）。k=Δ张力/(10.8−8.5)≈0.15 N cm⁻¹（A1）；分母是新增伸长。|The spring constant is the change in force divided by the corresponding change in extension within the elastic limit.
