paper,q,marks,primary_type,cross_types,qp_main_start,ms_page,equivalent_ms,mastery
9702_m24_42,1(a),2,G03,,373,6,,未学
9702_m24_42,1(b)(i),2,G03,,373,6,,未学
9702_m24_42,1(b)(ii),3,G05,,373,6,,未学
9702_m24_42,1(b)(iii),3,G04,,373,6,,未学
9702_m24_42,2(a),2,H01,,375,7,,未学
9702_m24_42,2(b)(i),2,H02,,375,7,,未学
9702_m24_42,2(b)(ii),2,K01,,375,7,,未学
9702_m24_42,2(b)(iii),2,T03,,375,7,,未学
9702_m24_42,2(c),3,H02,T03,375,7,,未学
9702_m24_42,3(a),3,S03,,377,7,,未学
9702_m24_42,3(b)(i),2,S01,C08,377,8,,未学
9702_m24_42,3(b)(ii),2,C08,S01,377,8,,未学
9702_m24_42,4(a),2,D02,,379,8,,未学
9702_m24_42,4(b),2,D03,,379,8,,未学
9702_m24_42,4(c)(i),1,A04,,379,8,,未学
9702_m24_42,4(c)(ii),3,D06,A04,379,8,,未学
9702_m24_42,4(d)(i),1,A02,,379,9,,未学
9702_m24_42,4(d)(ii),1,A02,,379,9,,未学
9702_m24_42,5(a),2,C05,,381,9,,未学
9702_m24_42,5(b)(i),3,B04,,381,9,,未学
9702_m24_42,5(b)(ii),2,B04,,381,9,,未学
9702_m24_42,5(b)(iii),1,B04,,381,9,,未学
9702_m24_42,5(b)(iv),2,B05,,381,9,,未学
9702_m24_42,6(a)(i),1,B01,,383,10,,未学
9702_m24_42,6(a)(ii),2,I01,,383,10,,未学
9702_m24_42,6(a)(iii),2,I01,,383,10,,未学
9702_m24_42,6(a)(iv),3,I04,,383,10,,未学
9702_m24_42,6(b),3,B02,,383,10,,未学
9702_m24_42,7(a),2,Q01,,386,11,,未学
9702_m24_42,7(b)(i),2,Q01,,386,11,,未学
9702_m24_42,7(b)(ii),2,Q07,,386,11,,未学
9702_m24_42,7(c)(i),1,Q02,,386,11,,未学
9702_m24_42,7(c)(ii),2,Q02,,386,11,,未学
9702_m24_42,8(a),2,N01,,388,11,,未学
9702_m24_42,8(b)(i),1,N05,,388,11,,未学
9702_m24_42,8(b)(ii),2,N02,,388,12,,未学
9702_m24_42,8(b)(iii),1,N05,,388,12,,未学
9702_m24_42,8(b)(iv),3,N04,,388,12,,未学
9702_m24_42,9(a)(i),2,M01,,390,12,,未学
9702_m24_42,9(a)(ii),2,M01,,390,12,,未学
9702_m24_42,9(b),3,M02,,390,13,,未学
9702_m24_42,9(c)(i),2,M05,,390,13,,未学
9702_m24_42,9(c)(ii),2,M05,,390,13,,未学
9702_m24_42,9(c)(iii),2,M05,,390,13,,未学
9702_m24_42,10(a)(i),2,Z02,,393,13,,未学
9702_m24_42,10(a)(ii),2,Z01,,393,14,,未学
9702_m24_42,10(a)(iii),2,Z03,,393,14,,未学
9702_m24_42,10(b)(i),1,Z04,,393,14,,未学
9702_m24_42,10(b)(ii),2,Z04,,393,14,,未学
9702_m24_42,10(b)(iii),1,Z03,,393,14,,未学
9702_s22_41,1(a)(i),2,G01,,4,30,,未学
9702_s22_41,1(a)(ii),2,G01,,4,30,,未学
9702_s22_41,1(b)(i),1,G01,,4,30,,未学
9702_s22_41,1(b)(ii),2,G02,,4,30,,未学
9702_s22_41,1(b)(iii),3,G02,,4,30,,未学
9702_s22_41,2(a)(i),1,B03,,6,31,,未学
9702_s22_41,2(a)(ii),2,C05,B04,6,31,,未学
9702_s22_41,2(b),2,E06,,6,31,,未学
9702_s22_41,2(c),3,B04,C04,6,31,,未学
9702_s22_41,3(a)(i),2,K01,,8,32,,未学
9702_s22_41,3(a)(ii),2,K01,,8,32,,未学
9702_s22_41,3(b)(i),2,H02,,8,32,,未学
9702_s22_41,3(b)(ii),5,H03,,8,32,,未学
9702_s22_41,4(a),2,S01,,10,33,,未学
9702_s22_41,4(b)(i),2,S01,,10,33,,未学
9702_s22_41,4(b)(ii),2,S01,,10,33,,未学
9702_s22_41,4(c),2,S03,,10,33,,未学
9702_s22_41,5(a)(i),1,A03,,12,34,,未学
9702_s22_41,5(a)(ii),1,A03,,12,34,,未学
9702_s22_41,5(b)(i),1,A03,,12,34,,未学
9702_s22_41,5(b)(ii),3,A01,,12,34,,未学
9702_s22_41,5(c)(i),1,A04,,12,34,,未学
9702_s22_41,5(c)(ii),2,A04,,12,34,,未学
9702_s22_41,5(c)(iii),3,D05,A04,12,34,,未学
9702_s22_41,6(a),2,I01,,14,35,,未学
9702_s22_41,6(b)(i),3,I01,,14,35,,未学
9702_s22_41,6(b)(ii),1,I04,,14,35,,未学
9702_s22_41,6(b)(iii),2,I02,,14,35,,未学
9702_s22_41,6(c),3,I03,,14,35,,未学
9702_s22_41,7(a),2,Q01,,16,36,,未学
9702_s22_41,7(b)(i),1,Q02,,16,36,,未学
9702_s22_41,7(b)(ii),3,Q02,,16,36,,未学
9702_s22_41,7(c)(i),2,Q02,,16,36,,未学
9702_s22_41,7(c)(ii),2,Q02,,16,36,,未学
9702_s22_41,8(a)(i),2,N01,,18,37,,未学
9702_s22_41,8(a)(ii),2,N02,,18,37,,未学
9702_s22_41,8(b)(i),1,N02,,18,37,,未学
9702_s22_41,8(b)(ii),2,N02,,18,37,,未学
9702_s22_41,8(c),5,N06,,18,37,,未学
9702_s22_41,9(a)(i),3,M01,,20,38,,未学
9702_s22_41,9(a)(ii),1,M03,,20,38,,未学
9702_s22_41,9(b)(i),2,M02,,20,38,,未学
9702_s22_41,9(b)(ii),2,M02,,20,38,,未学
9702_s22_41,9(c),1,M02,,20,38,,未学
9702_s22_41,10(a),1,Z03,,22,39,,未学
9702_s22_41,10(b)(i),2,Z03,,22,39,,未学
9702_s22_41,10(b)(ii),2,Z03,,22,39,,未学
9702_s22_41,10(c)(i),2,Z04,,22,39,,未学
9702_s22_41,10(c)(ii),2,Z04,,22,39,,未学
9702_s22_42,1(a)(i),2,G03,,28,46,,未学
9702_s22_42,1(a)(ii),1,G04,,28,46,,未学
9702_s22_42,1(b)(i),2,G04,,28,46,,未学
9702_s22_42,1(b)(ii),1,G04,,28,46,,未学
9702_s22_42,1(b)(iii),3,G04,,28,46,,未学
9702_s22_42,1(c),1,G04,,28,46,,未学
9702_s22_42,2(a),2,E02,,30,47,,未学
9702_s22_42,2(b)(i),2,C05,C11,30,47,,未学
9702_s22_42,2(b)(ii),2,C11,,30,47,,未学
9702_s22_42,2(b)(iii),3,C11,,30,47,,未学
9702_s22_42,2(c)(i),3,Q06,,30,47,,未学
9702_s22_42,2(c)(ii),1,M06,,30,47,,未学
9702_s22_42,3(a),2,T04,,32,48,,未学
9702_s22_42,3(b)(i),1,T04,,32,48,,未学
9702_s22_42,3(b)(ii),3,K01,,32,48,,未学
9702_s22_42,3(b)(iii),2,H02,,32,48,,未学
9702_s22_42,3(b)(iv),2,H02,,32,48,,未学
9702_s22_42,3(c),2,T04,H02,32,48,,未学
9702_s22_42,4(a),2,S05,,34,49,,未学
9702_s22_42,4(b)(i),2,S02,,34,49,,未学
9702_s22_42,4(b)(ii),2,S02,,34,49,,未学
9702_s22_42,4(b)(iii),2,S02,,34,49,,未学
9702_s22_42,5(a),2,D01,,36,50,,未学
9702_s22_42,5(b),3,D02,,36,50,,未学
9702_s22_42,5(c)(i),1,D02,,36,50,,未学
9702_s22_42,5(c)(ii),2,D03,,36,50,,未学
9702_s22_42,5(c)(iii),3,D05,D02,36,50,,未学
9702_s22_42,6(a),2,B02,,38,51,,未学
9702_s22_42,6(b)(i),3,B01,,38,51,,未学
9702_s22_42,6(b)(ii),2,B01,,38,51,,未学
9702_s22_42,6(c),3,B02,,38,51,,未学
9702_s22_42,7(a),2,I02,,40,52,,未学
9702_s22_42,7(b),4,I04,,40,52,,未学
9702_s22_42,7(c)(i),3,I03,,40,52,,未学
9702_s22_42,7(c)(ii),1,I03,,40,52,,未学
9702_s22_42,8(a)(i),1,Q03,,42,53,,未学
9702_s22_42,8(a)(ii),1,Q03,,42,53,,未学
9702_s22_42,8(b)(i),3,Q04,,42,53,,未学
9702_s22_42,8(b)(ii),2,Q04,,42,53,,未学
9702_s22_42,8(c),1,Q04,,42,53,,未学
9702_s22_42,9(a)(i),2,Z05,,43,54,,未学
9702_s22_42,9(a)(ii),2,Z04,,43,54,,未学
9702_s22_42,9(b),3,Z05,,43,54,,未学
9702_s22_42,10(a),2,N03,,44,55,,未学
9702_s22_42,10(b)(i),3,N04,,44,55,,未学
9702_s22_42,10(b)(ii),2,N04,,44,55,,未学
9702_s22_42,10(c)(i),1,N04,,44,55,,未学
9702_s22_42,10(c)(ii),1,N04,,44,55,,未学
9702_s22_42,10(d),2,N04,,44,55,,未学
9702_s22_43,1(a)(i),2,G01,,50,62,9702_s22_41:1(a)(i),未学
9702_s22_43,1(a)(ii),2,G01,,50,62,9702_s22_41:1(a)(ii),未学
9702_s22_43,1(b)(i),1,G01,,50,62,9702_s22_41:1(b)(i),未学
9702_s22_43,1(b)(ii),2,G02,,50,62,9702_s22_41:1(b)(ii),未学
9702_s22_43,1(b)(iii),3,G02,,50,62,9702_s22_41:1(b)(iii),未学
9702_s22_43,2(a)(i),1,B03,,52,63,9702_s22_41:2(a)(i),未学
9702_s22_43,2(a)(ii),2,C05,B04,52,63,9702_s22_41:2(a)(ii),未学
9702_s22_43,2(b),2,E06,,52,63,9702_s22_41:2(b),未学
9702_s22_43,2(c),3,B04,C04,52,63,9702_s22_41:2(c),未学
9702_s22_43,3(a)(i),2,K01,,54,64,9702_s22_41:3(a)(i),未学
9702_s22_43,3(a)(ii),2,K01,,54,64,9702_s22_41:3(a)(ii),未学
9702_s22_43,3(b)(i),2,H02,,54,64,9702_s22_41:3(b)(i),未学
9702_s22_43,3(b)(ii),5,H03,,54,64,9702_s22_41:3(b)(ii),未学
9702_s22_43,4(a),2,S01,,56,65,9702_s22_41:4(a),未学
9702_s22_43,4(b)(i),2,S01,,56,65,9702_s22_41:4(b)(i),未学
9702_s22_43,4(b)(ii),2,S01,,56,65,9702_s22_41:4(b)(ii),未学
9702_s22_43,4(c),2,S03,,56,65,9702_s22_41:4(c),未学
9702_s22_43,5(a)(i),1,A03,,58,66,9702_s22_41:5(a)(i),未学
9702_s22_43,5(a)(ii),1,A03,,58,66,9702_s22_41:5(a)(ii),未学
9702_s22_43,5(b)(i),1,A03,,58,66,9702_s22_41:5(b)(i),未学
9702_s22_43,5(b)(ii),3,A01,,58,66,9702_s22_41:5(b)(ii),未学
9702_s22_43,5(c)(i),1,A04,,58,66,9702_s22_41:5(c)(i),未学
9702_s22_43,5(c)(ii),2,A04,,58,66,9702_s22_41:5(c)(ii),未学
9702_s22_43,5(c)(iii),3,D05,A04,58,66,9702_s22_41:5(c)(iii),未学
9702_s22_43,6(a),2,I01,,60,67,9702_s22_41:6(a),未学
9702_s22_43,6(b)(i),3,I01,,60,67,9702_s22_41:6(b)(i),未学
9702_s22_43,6(b)(ii),1,I04,,60,67,9702_s22_41:6(b)(ii),未学
9702_s22_43,6(b)(iii),2,I02,,60,67,9702_s22_41:6(b)(iii),未学
9702_s22_43,6(c),3,I03,,60,67,9702_s22_41:6(c),未学
9702_s22_43,7(a),2,Q01,,62,68,9702_s22_41:7(a),未学
9702_s22_43,7(b)(i),1,Q02,,62,68,9702_s22_41:7(b)(i),未学
9702_s22_43,7(b)(ii),3,Q02,,62,68,9702_s22_41:7(b)(ii),未学
9702_s22_43,7(c)(i),2,Q02,,62,68,9702_s22_41:7(c)(i),未学
9702_s22_43,7(c)(ii),2,Q02,,62,68,9702_s22_41:7(c)(ii),未学
9702_s22_43,8(a)(i),2,N01,,64,69,9702_s22_41:8(a)(i),未学
9702_s22_43,8(a)(ii),2,N02,,64,69,9702_s22_41:8(a)(ii),未学
9702_s22_43,8(b)(i),1,N02,,64,69,9702_s22_41:8(b)(i),未学
9702_s22_43,8(b)(ii),2,N02,,64,69,9702_s22_41:8(b)(ii),未学
9702_s22_43,8(c),5,N06,,64,69,9702_s22_41:8(c),未学
9702_s22_43,9(a)(i),3,M01,,66,70,9702_s22_41:9(a)(i),未学
9702_s22_43,9(a)(ii),1,M03,,66,70,9702_s22_41:9(a)(ii),未学
9702_s22_43,9(b)(i),2,M02,,66,70,9702_s22_41:9(b)(i),未学
9702_s22_43,9(b)(ii),2,M02,,66,70,9702_s22_41:9(b)(ii),未学
9702_s22_43,9(c),1,M02,,66,70,9702_s22_41:9(c),未学
9702_s22_43,10(a),1,Z03,,68,71,9702_s22_41:10(a),未学
9702_s22_43,10(b)(i),2,Z03,,68,71,9702_s22_41:10(b)(i),未学
9702_s22_43,10(b)(ii),2,Z03,,68,71,9702_s22_41:10(b)(ii),未学
9702_s22_43,10(c)(i),2,Z04,,68,71,9702_s22_41:10(c)(i),未学
9702_s22_43,10(c)(ii),2,Z04,,68,71,9702_s22_41:10(c)(ii),未学
9702_s23_41,1(a)(i),1,G01,,190,108,,未学
9702_s23_41,1(a)(ii),1,E01,,190,108,,未学
9702_s23_41,1(a)(iii),2,G03,E04,190,108,,未学
9702_s23_41,1(b)(i),3,E03,G01,190,108,,未学
9702_s23_41,1(b)(ii),1,E03,,190,108,,未学
9702_s23_41,1(c)(i),2,E03,,190,108,,未学
9702_s23_41,1(c)(ii),1,E03,,190,108,,未学
9702_s23_41,2(a),3,C08,,192,109,,未学
9702_s23_41,2(b)(i),1,C03,,192,109,,未学
9702_s23_41,2(b)(ii),2,C08,,192,109,,未学
9702_s23_41,2(b)(iii),2,C08,X01,192,109,,未学
9702_s23_41,2(c)(i),2,C08,,192,109,,未学
9702_s23_41,2(c)(ii),2,C02,,192,110,,未学
9702_s23_41,3(a),1,T01,,194,111,,未学
9702_s23_41,3(b)(i),1,T02,,194,111,,未学
9702_s23_41,3(b)(ii),2,T02,,194,111,,未学
9702_s23_41,3(c)(i),1,T02,,194,111,,未学
9702_s23_41,3(c)(ii),4,T05,,194,111,,未学
9702_s23_41,3(d),2,T05,,194,111,,未学
9702_s23_41,4(a),2,K03,,196,112,,未学
9702_s23_41,4(b)(i),2,K01,,196,112,,未学
9702_s23_41,4(b)(ii),3,H03,,196,112,,未学
9702_s23_41,4(b)(iii),5,H03,,196,112,,未学
9702_s23_41,5(a)(i),1,A03,,198,113,,未学
9702_s23_41,5(a)(ii),1,A04,,198,113,,未学
9702_s23_41,5(b)(i),1,A01,,198,113,,未学
9702_s23_41,5(b)(ii),2,D06,A04,198,113,,未学
9702_s23_41,5(b)(iii),2,D06,,198,113,,未学
9702_s23_41,5(c),2,A03,,198,113,,未学
9702_s23_41,6(a),2,B01,,200,114,,未学
9702_s23_41,6(b),3,B01,,200,114,,未学
9702_s23_41,6(c)(i),2,B02,,200,114,,未学
9702_s23_41,6(c)(ii),1,B02,,200,114,,未学
9702_s23_41,6(c)(iii),2,B02,,200,114,,未学
9702_s23_41,7(a),1,Q04,,202,115,,未学
9702_s23_41,7(b)(i),1,Q03,,202,115,,未学
9702_s23_41,7(b)(ii),2,Q03,,202,115,,未学
9702_s23_41,7(c)(i),2,Q04,,202,115,,未学
9702_s23_41,7(c)(ii),3,Q04,,202,115,,未学
9702_s23_41,8(a)(i),1,M05,,204,116,,未学
9702_s23_41,8(a)(ii),2,M05,,204,116,,未学
9702_s23_41,8(b)(i),2,M05,,204,116,,未学
9702_s23_41,8(b)(ii),1,M05,,204,116,,未学
9702_s23_41,8(c),2,M05,,204,116,,未学
9702_s23_41,9(a),1,N04,,206,117,,未学
9702_s23_41,9(b),3,N04,,206,117,,未学
9702_s23_41,9(c)(i),2,N04,,206,117,,未学
9702_s23_41,9(c)(ii),3,N03,,206,117,,未学
9702_s23_41,10(a),2,Z05,,207,118,,未学
9702_s23_41,10(b),2,Z01,,207,118,,未学
9702_s23_41,10(c)(i),2,Z04,,207,118,,未学
9702_s23_41,10(c)(ii),3,Z05,Z01,207,118,,未学
9702_s23_42,1(a),2,G01,,212,124,,未学
9702_s23_42,1(b),2,G05,,212,124,,未学
9702_s23_42,1(c),3,G05,,212,124,,未学
9702_s23_42,1(d)(i),2,C02,G06,212,124,,未学
9702_s23_42,1(d)(ii),2,G06,,212,124,,未学
9702_s23_42,2(a)(i),2,K01,,214,125,,未学
9702_s23_42,2(a)(ii),1,T01,,214,125,,未学
9702_s23_42,2(b)(i),3,K02,,214,125,,未学
9702_s23_42,2(b)(ii),1,K02,,214,125,,未学
9702_s23_42,2(b)(iii),3,K04,,214,125,,未学
9702_s23_42,2(c),2,K04,,214,125,,未学
9702_s23_42,3(a),2,H02,,216,126,,未学
9702_s23_42,3(b)(i),4,H03,,216,126,,未学
9702_s23_42,3(b)(ii),3,H03,,216,126,,未学
9702_s23_42,4(a)(i),2,S02,,218,127,,未学
9702_s23_42,4(a)(ii),1,S02,,218,127,,未学
9702_s23_42,4(a)(iii),2,S01,,218,127,,未学
9702_s23_42,4(b),3,S01,,218,127,,未学
9702_s23_42,4(c),3,S03,,218,127,,未学
9702_s23_42,5(a)(i),1,D01,,220,128,,未学
9702_s23_42,5(a)(ii),1,D03,,220,128,,未学
9702_s23_42,5(b)(i),2,D04,,220,128,,未学
9702_s23_42,5(b)(ii),3,D04,,220,128,,未学
9702_s23_42,5(b)(iii),2,D04,,220,128,,未学
9702_s23_42,6(a)(i),2,I01,,222,129,,未学
9702_s23_42,6(a)(ii),2,I01,,222,129,,未学
9702_s23_42,6(b),3,I02,C02,222,129,,未学
9702_s23_42,6(c),3,I03,,222,129,,未学
9702_s23_42,7(a)(i),1,A03,,224,130,,未学
9702_s23_42,7(a)(ii),2,A03,,224,130,,未学
9702_s23_42,7(a)(iii),1,A03,,224,130,,未学
9702_s23_42,7(b)(i),3,A03,,224,130,,未学
9702_s23_42,7(b)(ii),2,A02,,224,130,,未学
9702_s23_42,7(b)(iii),1,A02,,224,130,,未学
9702_s23_42,8(a),2,Q05,,226,131,,未学
9702_s23_42,8(b)(i),2,Q05,,226,131,,未学
9702_s23_42,8(b)(ii),2,Q05,,226,131,,未学
9702_s23_42,8(c),2,Q05,,226,131,,未学
9702_s23_42,9(a),2,N01,,228,132,,未学
9702_s23_42,9(b)(i),1,N05,,228,132,,未学
9702_s23_42,9(b)(ii),3,N06,,228,132,,未学
9702_s23_42,9(c)(i),3,N06,,228,132,,未学
9702_s23_42,9(c)(ii),2,Z02,,228,132,,未学
9702_s23_42,10(a)(i),1,M01,,230,133,,未学
9702_s23_42,10(a)(ii),2,M01,,230,133,,未学
9702_s23_42,10(a)(iii),3,M01,,230,133,,未学
9702_s23_42,10(b),3,M02,,230,133,,未学
9702_s23_43,1(a)(i),1,G01,,235,139,9702_s23_41:1(a)(i),未学
9702_s23_43,1(a)(ii),1,E01,,235,139,9702_s23_41:1(a)(ii),未学
9702_s23_43,1(a)(iii),2,G03,E04,235,139,9702_s23_41:1(a)(iii),未学
9702_s23_43,1(b)(i),3,E03,G01,235,139,9702_s23_41:1(b)(i),未学
9702_s23_43,1(b)(ii),1,E03,,235,139,9702_s23_41:1(b)(ii),未学
9702_s23_43,1(c)(i),2,E03,,235,139,9702_s23_41:1(c)(i),未学
9702_s23_43,1(c)(ii),1,E03,,235,139,9702_s23_41:1(c)(ii),未学
9702_s23_43,2(a),3,C08,,237,140,9702_s23_41:2(a),未学
9702_s23_43,2(b)(i),1,C03,,237,140,9702_s23_41:2(b)(i),未学
9702_s23_43,2(b)(ii),2,C08,,237,140,9702_s23_41:2(b)(ii),未学
9702_s23_43,2(b)(iii),2,C08,X01,237,140,9702_s23_41:2(b)(iii),未学
9702_s23_43,2(c)(i),2,C08,,237,140,9702_s23_41:2(c)(i),未学
9702_s23_43,2(c)(ii),2,C02,,237,141,9702_s23_41:2(c)(ii),未学
9702_s23_43,3(a),1,T01,,239,142,9702_s23_41:3(a),未学
9702_s23_43,3(b)(i),1,T02,,239,142,9702_s23_41:3(b)(i),未学
9702_s23_43,3(b)(ii),2,T02,,239,142,9702_s23_41:3(b)(ii),未学
9702_s23_43,3(c)(i),1,T02,,239,142,9702_s23_41:3(c)(i),未学
9702_s23_43,3(c)(ii),4,T05,,239,142,9702_s23_41:3(c)(ii),未学
9702_s23_43,3(d),2,T05,,239,142,9702_s23_41:3(d),未学
9702_s23_43,4(a),2,K03,,241,143,9702_s23_41:4(a),未学
9702_s23_43,4(b)(i),2,K01,,241,143,9702_s23_41:4(b)(i),未学
9702_s23_43,4(b)(ii),3,H03,,241,143,9702_s23_41:4(b)(ii),未学
9702_s23_43,4(b)(iii),5,H03,,241,143,9702_s23_41:4(b)(iii),未学
9702_s23_43,5(a)(i),1,A03,,243,144,9702_s23_41:5(a)(i),未学
9702_s23_43,5(a)(ii),1,A04,,243,144,9702_s23_41:5(a)(ii),未学
9702_s23_43,5(b)(i),1,A01,,243,144,9702_s23_41:5(b)(i),未学
9702_s23_43,5(b)(ii),2,D06,A04,243,144,9702_s23_41:5(b)(ii),未学
9702_s23_43,5(b)(iii),2,D06,,243,144,9702_s23_41:5(b)(iii),未学
9702_s23_43,5(c),2,A03,,243,144,9702_s23_41:5(c),未学
9702_s23_43,6(a),2,B01,,245,145,9702_s23_41:6(a),未学
9702_s23_43,6(b),3,B01,,245,145,9702_s23_41:6(b),未学
9702_s23_43,6(c)(i),2,B02,,245,145,9702_s23_41:6(c)(i),未学
9702_s23_43,6(c)(ii),1,B02,,245,145,9702_s23_41:6(c)(ii),未学
9702_s23_43,6(c)(iii),2,B02,,245,145,9702_s23_41:6(c)(iii),未学
9702_s23_43,7(a),1,Q04,,247,146,9702_s23_41:7(a),未学
9702_s23_43,7(b)(i),1,Q03,,247,146,9702_s23_41:7(b)(i),未学
9702_s23_43,7(b)(ii),2,Q03,,247,146,9702_s23_41:7(b)(ii),未学
9702_s23_43,7(c)(i),2,Q04,,247,146,9702_s23_41:7(c)(i),未学
9702_s23_43,7(c)(ii),3,Q04,,247,146,9702_s23_41:7(c)(ii),未学
9702_s23_43,8(a)(i),1,M05,,249,147,9702_s23_41:8(a)(i),未学
9702_s23_43,8(a)(ii),2,M05,,249,147,9702_s23_41:8(a)(ii),未学
9702_s23_43,8(b)(i),2,M05,,249,147,9702_s23_41:8(b)(i),未学
9702_s23_43,8(b)(ii),1,M05,,249,147,9702_s23_41:8(b)(ii),未学
9702_s23_43,8(c),2,M05,,249,147,9702_s23_41:8(c),未学
9702_s23_43,9(a),1,N04,,251,148,9702_s23_41:9(a),未学
9702_s23_43,9(b),3,N04,,251,148,9702_s23_41:9(b),未学
9702_s23_43,9(c)(i),2,N04,,251,148,9702_s23_41:9(c)(i),未学
9702_s23_43,9(c)(ii),3,N03,,251,148,9702_s23_41:9(c)(ii),未学
9702_s23_43,10(a),2,Z05,,252,149,9702_s23_41:10(a),未学
9702_s23_43,10(b),2,Z01,,252,149,9702_s23_41:10(b),未学
9702_s23_43,10(c)(i),2,Z04,,252,149,9702_s23_41:10(c)(i),未学
9702_s23_43,10(c)(ii),3,Z05,Z01,252,149,9702_s23_41:10(c)(ii),未学
9702_s24_41,1(a),2,G03,,407,191,,未学
9702_s24_41,1(b)(i),2,G03,,407,191,,未学
9702_s24_41,1(b)(ii),2,G03,,407,191,,未学
9702_s24_41,1(b)(iii),4,G03,G01,407,191,,未学
9702_s24_41,2(a)(i),1,T01,,409,192,,未学
9702_s24_41,2(a)(ii),1,T01,,409,192,,未学
9702_s24_41,2(b)(i),2,T02,,409,192,,未学
9702_s24_41,2(b)(ii),1,T02,,409,192,,未学
9702_s24_41,2(b)(iii),1,T02,,409,192,,未学
9702_s24_41,2(c),1,T02,,409,192,,未学
9702_s24_41,3(a)(i),2,K01,,411,193,,未学
9702_s24_41,3(a)(ii),2,K03,,411,193,,未学
9702_s24_41,3(b)(i),2,K02,,411,193,,未学
9702_s24_41,3(b)(ii),2,K04,,411,193,,未学
9702_s24_41,3(b)(iii),2,H01,,411,193,,未学
9702_s24_41,3(c),2,K01,,411,193,,未学
9702_s24_41,4(a),2,S05,,413,194,,未学
9702_s24_41,4(b)(i),1,S04,,413,194,,未学
9702_s24_41,4(b)(ii),2,S04,,413,194,,未学
9702_s24_41,4(b)(iii),1,S02,,413,194,,未学
9702_s24_41,4(c),2,S05,,413,194,,未学
9702_s24_41,5(a),2,E01,,415,195,,未学
9702_s24_41,5(b)(i),2,E01,,415,195,,未学
9702_s24_41,5(b)(ii),2,E06,,415,195,,未学
9702_s24_41,5(b)(iii),2,E06,,415,195,,未学
9702_s24_41,5(c)(i),1,B05,,415,195,,未学
9702_s24_41,5(c)(ii),2,B05,,415,195,,未学
9702_s24_41,5(c)(iii),2,B05,,415,195,,未学
9702_s24_41,6(a),3,D05,,417,196,,未学
9702_s24_41,6(b)(i),2,D05,,417,196,,未学
9702_s24_41,6(b)(ii),3,D06,,417,196,,未学
9702_s24_41,6(c),2,D06,,417,196,,未学
9702_s24_41,7(a),2,A03,,419,197,,未学
9702_s24_41,7(b)(i),2,A02,,419,197,,未学
9702_s24_41,7(b)(ii),3,A02,,419,197,,未学
9702_s24_41,7(b)(iii),1,A02,,419,197,,未学
9702_s24_41,7(c),2,A02,,419,197,,未学
9702_s24_41,8(a),2,Q01,,421,198,,未学
9702_s24_41,8(b)(i),1,M01,,421,198,,未学
9702_s24_41,8(b)(ii),1,M01,,421,198,,未学
9702_s24_41,8(c)(i),1,Q01,,421,198,,未学
9702_s24_41,8(c)(ii),2,Q01,,421,198,,未学
9702_s24_41,8(c)(iii),3,Q01,,421,198,,未学
9702_s24_41,8(d),3,M02,,421,198,,未学
9702_s24_41,9(a),1,N04,,423,199,,未学
9702_s24_41,9(b)(i),1,N04,,423,199,,未学
9702_s24_41,9(b)(ii),3,N04,,423,199,,未学
9702_s24_41,9(c),3,K02,N05,423,199,,未学
9702_s24_41,10(a)(i),2,Z01,,425,200,,未学
9702_s24_41,10(a)(ii),3,Z01,,425,200,,未学
9702_s24_41,10(b)(i),2,Z02,,425,200,,未学
9702_s24_41,10(b)(ii),2,Z03,,425,200,,未学
9702_s24_42,1(a),1,C01,,430,206,,未学
9702_s24_42,1(b)(i),1,C05,,430,206,,未学
9702_s24_42,1(b)(ii),1,C05,,430,206,,未学
9702_s24_42,1(c)(i),2,C03,,430,206,,未学
9702_s24_42,1(c)(ii),2,C04,,430,206,,未学
9702_s24_42,1(d),3,C06,,430,206,,未学
9702_s24_42,2(a),1,T01,,432,207,,未学
9702_s24_42,2(b)(i),3,K01,,432,207,,未学
9702_s24_42,2(b)(ii),3,K02,T01,432,207,,未学
9702_s24_42,2(b)(iii),3,K04,,432,207,,未学
9702_s24_42,3(a),2,H01,,435,208,,未学
9702_s24_42,3(b)(i),3,H01,,435,208,,未学
9702_s24_42,3(b)(ii),3,H01,,435,208,,未学
9702_s24_42,4(a),2,S01,,436,209,,未学
9702_s24_42,4(b)(i),1,S01,,436,209,,未学
9702_s24_42,4(b)(ii),2,S02,,436,209,,未学
9702_s24_42,4(b)(iii),2,S03,,436,209,,未学
9702_s24_42,4(c),2,S02,,436,209,,未学
9702_s24_42,5(a),2,E04,,438,210,,未学
9702_s24_42,5(b),3,E04,,438,210,,未学
9702_s24_42,5(c),2,E03,E05,438,210,,未学
9702_s24_42,6(a),3,D02,,440,211,,未学
9702_s24_42,6(b)(i),2,D03,,440,211,,未学
9702_s24_42,6(b)(ii),3,D03,,440,211,,未学
9702_s24_42,6(b)(iii),2,D03,,440,211,,未学
9702_s24_42,7(a),2,I02,,442,212,,未学
9702_s24_42,7(b)(i),2,I01,,442,212,,未学
9702_s24_42,7(b)(ii),3,I02,,442,212,,未学
9702_s24_42,7(b)(iii),1,I02,,442,212,,未学
9702_s24_42,7(b)(iv),3,I04,,442,212,,未学
9702_s24_42,7(b)(v),3,A01,I04,442,212,,未学
9702_s24_42,8(a)(i),2,Z04,,444,213,,未学
9702_s24_42,8(a)(ii),2,Z04,,444,213,,未学
9702_s24_42,8(b)(i),2,Q01,,444,213,,未学
9702_s24_42,8(b)(ii),2,Q05,,444,213,,未学
9702_s24_42,8(b)(iii),2,Z04,,444,213,,未学
9702_s24_42,8(c),2,Z05,,444,214,,未学
9702_s24_42,9(a),2,N01,,446,215,,未学
9702_s24_42,9(b)(i),3,N01,,446,215,,未学
9702_s24_42,9(b)(ii),2,N01,,446,215,,未学
9702_s24_42,9(b)(iii),1,N01,,446,215,,未学
9702_s24_42,9(c)(i),2,N02,,446,215,,未学
9702_s24_42,9(c)(ii),1,N02,,446,215,,未学
9702_s24_42,9(c)(iii),2,N02,,446,215,,未学
9702_s24_42,10(a),2,M04,,449,216,,未学
9702_s24_42,10(b)(i),2,M05,,449,216,,未学
9702_s24_42,10(b)(ii),3,M05,,449,216,,未学
9702_s24_43,1(a),2,G03,,454,222,9702_s24_41:1(a),未学
9702_s24_43,1(b)(i),2,G03,,454,222,9702_s24_41:1(b)(i),未学
9702_s24_43,1(b)(ii),2,G03,,454,222,9702_s24_41:1(b)(ii),未学
9702_s24_43,1(b)(iii),4,G03,G01,454,222,9702_s24_41:1(b)(iii),未学
9702_s24_43,2(a)(i),1,T01,,456,223,9702_s24_41:2(a)(i),未学
9702_s24_43,2(a)(ii),1,T01,,456,223,9702_s24_41:2(a)(ii),未学
9702_s24_43,2(b)(i),2,T02,,456,223,9702_s24_41:2(b)(i),未学
9702_s24_43,2(b)(ii),1,T02,,456,223,9702_s24_41:2(b)(ii),未学
9702_s24_43,2(b)(iii),1,T02,,456,223,9702_s24_41:2(b)(iii),未学
9702_s24_43,2(c),1,T02,,456,223,9702_s24_41:2(c),未学
9702_s24_43,3(a)(i),2,K01,,458,224,9702_s24_41:3(a)(i),未学
9702_s24_43,3(a)(ii),2,K03,,458,224,9702_s24_41:3(a)(ii),未学
9702_s24_43,3(b)(i),2,K02,,458,224,9702_s24_41:3(b)(i),未学
9702_s24_43,3(b)(ii),2,K04,,458,224,9702_s24_41:3(b)(ii),未学
9702_s24_43,3(b)(iii),2,H01,,458,224,9702_s24_41:3(b)(iii),未学
9702_s24_43,3(c),2,K01,,458,224,9702_s24_41:3(c),未学
9702_s24_43,4(a),2,S05,,460,225,9702_s24_41:4(a),未学
9702_s24_43,4(b)(i),1,S04,,460,225,9702_s24_41:4(b)(i),未学
9702_s24_43,4(b)(ii),2,S04,,460,225,9702_s24_41:4(b)(ii),未学
9702_s24_43,4(b)(iii),1,S02,,460,225,9702_s24_41:4(b)(iii),未学
9702_s24_43,4(c),2,S05,,460,225,9702_s24_41:4(c),未学
9702_s24_43,5(a),2,E01,,462,226,9702_s24_41:5(a),未学
9702_s24_43,5(b)(i),2,E01,,462,226,9702_s24_41:5(b)(i),未学
9702_s24_43,5(b)(ii),2,E06,,462,226,9702_s24_41:5(b)(ii),未学
9702_s24_43,5(b)(iii),2,E06,,462,226,9702_s24_41:5(b)(iii),未学
9702_s24_43,5(c)(i),1,B05,,462,226,9702_s24_41:5(c)(i),未学
9702_s24_43,5(c)(ii),2,B05,,462,226,9702_s24_41:5(c)(ii),未学
9702_s24_43,5(c)(iii),2,B05,,462,226,9702_s24_41:5(c)(iii),未学
9702_s24_43,6(a),3,D05,,464,227,9702_s24_41:6(a),未学
9702_s24_43,6(b)(i),2,D05,,464,227,9702_s24_41:6(b)(i),未学
9702_s24_43,6(b)(ii),3,D06,,464,227,9702_s24_41:6(b)(ii),未学
9702_s24_43,6(c),2,D06,,464,227,9702_s24_41:6(c),未学
9702_s24_43,7(a),2,A03,,466,228,9702_s24_41:7(a),未学
9702_s24_43,7(b)(i),2,A02,,466,228,9702_s24_41:7(b)(i),未学
9702_s24_43,7(b)(ii),3,A02,,466,228,9702_s24_41:7(b)(ii),未学
9702_s24_43,7(b)(iii),1,A02,,466,228,9702_s24_41:7(b)(iii),未学
9702_s24_43,7(c),2,A02,,466,228,9702_s24_41:7(c),未学
9702_s24_43,8(a),2,Q01,,468,229,9702_s24_41:8(a),未学
9702_s24_43,8(b)(i),1,M01,,468,229,9702_s24_41:8(b)(i),未学
9702_s24_43,8(b)(ii),1,M01,,468,229,9702_s24_41:8(b)(ii),未学
9702_s24_43,8(c)(i),1,Q01,,468,229,9702_s24_41:8(c)(i),未学
9702_s24_43,8(c)(ii),2,Q01,,468,229,9702_s24_41:8(c)(ii),未学
9702_s24_43,8(c)(iii),3,Q01,,468,229,9702_s24_41:8(c)(iii),未学
9702_s24_43,8(d),3,M02,,468,229,9702_s24_41:8(d),未学
9702_s24_43,9(a),1,N04,,470,230,9702_s24_41:9(a),未学
9702_s24_43,9(b)(i),1,N04,,470,230,9702_s24_41:9(b)(i),未学
9702_s24_43,9(b)(ii),3,N04,,470,230,9702_s24_41:9(b)(ii),未学
9702_s24_43,9(c),3,K02,N05,470,230,9702_s24_41:9(c),未学
9702_s24_43,10(a)(i),2,Z01,,472,231,9702_s24_41:10(a)(i),未学
9702_s24_43,10(a)(ii),3,Z01,,472,231,9702_s24_41:10(a)(ii),未学
9702_s24_43,10(b)(i),2,Z02,,472,231,9702_s24_41:10(b)(i),未学
9702_s24_43,10(b)(ii),2,Z03,,472,231,9702_s24_41:10(b)(ii),未学
9702_s25_41,1(a),2,G03,,597,267,,未学
9702_s25_41,1(b)(i),3,G04,,597,267,,未学
9702_s25_41,1(b)(ii),2,G03,,597,267,,未学
9702_s25_41,1(c)(i),1,G06,,597,267,,未学
9702_s25_41,1(c)(ii),1,G06,,597,267,,未学
9702_s25_41,2(a),2,E02,,599,268,,未学
9702_s25_41,2(b)(i),1,C11,N05,599,268,,未学
9702_s25_41,2(b)(ii),1,C11,,599,268,,未学
9702_s25_41,2(c)(i),2,C11,,599,268,,未学
9702_s25_41,2(c)(ii),2,C11,,599,268,,未学
9702_s25_41,2(d)(i),2,E03,C11,599,269,,未学
9702_s25_41,2(d)(ii),1,C11,,599,269,,未学
9702_s25_41,3(a),2,T04,,601,270,,未学
9702_s25_41,3(b),3,T04,,601,270,,未学
9702_s25_41,3(c),4,T04,T03,601,270,,未学
9702_s25_41,4(a)(i),2,H01,,602,271,,未学
9702_s25_41,4(a)(ii),2,H01,,602,271,,未学
9702_s25_41,4(b),4,H03,,602,271,,未学
9702_s25_41,5(a)(i),1,S02,,603,272,,未学
9702_s25_41,5(a)(ii),1,S01,,603,272,,未学
9702_s25_41,5(b),3,S03,,603,272,,未学
9702_s25_41,5(c),3,S03,,603,272,,未学
9702_s25_41,6(a)(i),1,A03,,605,273,,未学
9702_s25_41,6(a)(ii),1,A04,,605,273,,未学
9702_s25_41,6(b)(i),2,A01,,605,273,,未学
9702_s25_41,6(b)(ii),1,A03,,605,273,,未学
9702_s25_41,6(b)(iii),2,A03,,605,273,,未学
9702_s25_41,6(b)(iv),3,D06,A04,605,273,,未学
9702_s25_41,6(c),2,D06,,605,273,,未学
9702_s25_41,7(a),2,B02,,607,274,,未学
9702_s25_41,7(b)(i),1,B03,,607,274,,未学
9702_s25_41,7(b)(ii),1,B03,,607,274,,未学
9702_s25_41,7(b)(iii),1,B04,,607,274,,未学
9702_s25_41,7(c)(i),3,B05,,607,274,,未学
9702_s25_41,7(c)(ii),2,B05,,607,274,,未学
9702_s25_41,8(a),1,Q04,,609,275,,未学
9702_s25_41,8(b),2,Q04,,609,275,,未学
9702_s25_41,8(c),2,Q06,,609,275,,未学
9702_s25_41,8(d)(i),1,Q06,,609,275,,未学
9702_s25_41,8(d)(ii),2,Q06,,609,275,,未学
9702_s25_41,8(d)(iii),1,Q06,,609,275,,未学
9702_s25_41,8(d)(iv),1,Q06,,609,275,,未学
9702_s25_41,8(d)(v),3,Q06,,609,276,,未学
9702_s25_41,9(a),1,N04,,611,277,,未学
9702_s25_41,9(b),3,N04,,611,277,,未学
9702_s25_41,9(c)(i),2,N04,,611,277,,未学
9702_s25_41,9(c)(ii),1,N04,,611,277,,未学
9702_s25_41,9(c)(iii),3,N04,,611,277,,未学
9702_s25_41,10(a),2,Z05,,613,278,,未学
9702_s25_41,10(b)(i),2,Z04,,613,278,,未学
9702_s25_41,10(b)(ii),2,Z04,,613,278,,未学
9702_s25_41,10(b)(iii),2,Z03,,613,278,,未学
9702_s25_41,10(c),2,Z05,,613,278,,未学
9702_s25_42,1(a),1,C01,,621,286,,未学
9702_s25_42,1(b)(i),2,C03,,621,286,,未学
9702_s25_42,1(b)(ii),2,C02,,621,286,,未学
9702_s25_42,1(b)(iii),1,C01,,621,286,,未学
9702_s25_42,1(b)(iv),2,C01,,621,286,,未学
9702_s25_42,1(c),2,C07,,621,286,,未学
9702_s25_42,2(a)(i),2,G01,,623,287,,未学
9702_s25_42,2(a)(ii),2,G01,,623,287,,未学
9702_s25_42,2(b)(i),1,B01,,623,287,,未学
9702_s25_42,2(b)(ii),2,B01,,623,287,,未学
9702_s25_42,2(c)(i),2,G01,,623,287,,未学
9702_s25_42,2(c)(ii),3,B01,,623,288,,未学
9702_s25_42,3(a),2,T03,,625,288,,未学
9702_s25_42,3(b)(i),2,X01,,625,288,,未学
9702_s25_42,3(b)(ii),1,X01,,625,288,,未学
9702_s25_42,3(b)(iii),2,H02,,625,289,,未学
9702_s25_42,3(b)(iv),2,H02,,625,289,,未学
9702_s25_42,3(b)(v),3,T03,H02,625,289,,未学
9702_s25_42,3(c),1,H02,,625,289,,未学
9702_s25_42,4(a)(i),1,K01,,627,290,,未学
9702_s25_42,4(a)(ii),1,K01,,627,290,,未学
9702_s25_42,4(b)(i),2,K03,,627,290,,未学
9702_s25_42,4(b)(ii),2,K04,,627,290,,未学
9702_s25_42,4(c),2,K04,,627,290,,未学
9702_s25_42,5(a),2,S01,,629,291,,未学
9702_s25_42,5(b)(i),1,S02,,629,291,,未学
9702_s25_42,5(b)(ii),2,S02,,629,291,,未学
9702_s25_42,5(b)(iii),1,S02,,629,291,,未学
9702_s25_42,5(b)(iv),3,S02,,629,291,,未学
9702_s25_42,6(a),1,E01,,631,292,,未学
9702_s25_42,6(b)(i),2,E06,,631,292,,未学
9702_s25_42,6(b)(ii),2,E06,,631,292,,未学
9702_s25_42,6(c)(i),3,M01,,631,292,,未学
9702_s25_42,6(c)(ii),1,M01,,631,292,,未学
9702_s25_42,6(c)(iii),2,M02,,631,292,,未学
9702_s25_42,7(a),1,D05,,633,293,,未学
9702_s25_42,7(b)(i),2,D01,,633,293,,未学
9702_s25_42,7(b)(ii),2,D05,,633,293,,未学
9702_s25_42,7(b)(iii),2,D06,,633,293,,未学
9702_s25_42,7(c),3,D05,,633,293,,未学
9702_s25_42,8(a)(i),1,A03,,635,294,,未学
9702_s25_42,8(a)(ii),1,A02,,635,294,,未学
9702_s25_42,8(b)(i),2,A02,,635,294,,未学
9702_s25_42,8(b)(ii),3,A02,,635,294,,未学
9702_s25_42,8(b)(iii),2,A02,,635,294,,未学
9702_s25_42,8(b)(iv),1,A02,,635,294,,未学
9702_s25_42,9(a),2,Q02,,637,295,,未学
9702_s25_42,9(b)(i),3,Q02,,637,295,,未学
9702_s25_42,9(b)(ii),3,Q02,,637,295,,未学
9702_s25_42,10(a),1,N03,,639,296,,未学
9702_s25_42,10(b)(i),3,N04,,639,296,,未学
9702_s25_42,10(b)(ii),3,N04,,639,296,,未学
9702_s25_42,10(c),2,N03,,639,296,,未学
9702_s25_43,1(a),2,G03,,645,304,9702_s25_41:1(a),未学
9702_s25_43,1(b)(i),3,G04,,645,304,9702_s25_41:1(b)(i),未学
9702_s25_43,1(b)(ii),2,G03,,645,304,9702_s25_41:1(b)(ii),未学
9702_s25_43,1(c)(i),1,G06,,645,304,9702_s25_41:1(c)(i),未学
9702_s25_43,1(c)(ii),1,G06,,645,304,9702_s25_41:1(c)(ii),未学
9702_s25_43,2(a),2,E02,,647,305,9702_s25_41:2(a),未学
9702_s25_43,2(b)(i),1,C11,N05,647,305,9702_s25_41:2(b)(i),未学
9702_s25_43,2(b)(ii),1,C11,,647,305,9702_s25_41:2(b)(ii),未学
9702_s25_43,2(c)(i),2,C11,,647,305,9702_s25_41:2(c)(i),未学
9702_s25_43,2(c)(ii),2,C11,,647,305,9702_s25_41:2(c)(ii),未学
9702_s25_43,2(d)(i),2,E03,C11,647,306,9702_s25_41:2(d)(i),未学
9702_s25_43,2(d)(ii),1,C11,,647,306,9702_s25_41:2(d)(ii),未学
9702_s25_43,3(a),2,T04,,649,307,9702_s25_41:3(a),未学
9702_s25_43,3(b),3,T04,,649,307,9702_s25_41:3(b),未学
9702_s25_43,3(c),4,T04,T03,649,307,9702_s25_41:3(c),未学
9702_s25_43,4(a)(i),2,H01,,650,308,9702_s25_41:4(a)(i),未学
9702_s25_43,4(a)(ii),2,H01,,650,308,9702_s25_41:4(a)(ii),未学
9702_s25_43,4(b),4,H03,,650,308,9702_s25_41:4(b),未学
9702_s25_43,5(a)(i),1,S02,,651,309,9702_s25_41:5(a)(i),未学
9702_s25_43,5(a)(ii),1,S01,,651,309,9702_s25_41:5(a)(ii),未学
9702_s25_43,5(b),3,S03,,651,309,9702_s25_41:5(b),未学
9702_s25_43,5(c),3,S03,,651,309,9702_s25_41:5(c),未学
9702_s25_43,6(a)(i),1,A03,,653,310,9702_s25_41:6(a)(i),未学
9702_s25_43,6(a)(ii),1,A04,,653,310,9702_s25_41:6(a)(ii),未学
9702_s25_43,6(b)(i),2,A01,,653,310,9702_s25_41:6(b)(i),未学
9702_s25_43,6(b)(ii),1,A03,,653,310,9702_s25_41:6(b)(ii),未学
9702_s25_43,6(b)(iii),2,A03,,653,310,9702_s25_41:6(b)(iii),未学
9702_s25_43,6(b)(iv),3,D06,A04,653,310,9702_s25_41:6(b)(iv),未学
9702_s25_43,6(c),2,D06,,653,310,9702_s25_41:6(c),未学
9702_s25_43,7(a),2,B02,,655,311,9702_s25_41:7(a),未学
9702_s25_43,7(b)(i),1,B03,,655,311,9702_s25_41:7(b)(i),未学
9702_s25_43,7(b)(ii),1,B03,,655,311,9702_s25_41:7(b)(ii),未学
9702_s25_43,7(b)(iii),1,B04,,655,311,9702_s25_41:7(b)(iii),未学
9702_s25_43,7(c)(i),3,B05,,655,311,9702_s25_41:7(c)(i),未学
9702_s25_43,7(c)(ii),2,B05,,655,311,9702_s25_41:7(c)(ii),未学
9702_s25_43,8(a),1,Q04,,657,312,9702_s25_41:8(a),未学
9702_s25_43,8(b),2,Q04,,657,312,9702_s25_41:8(b),未学
9702_s25_43,8(c),2,Q06,,657,312,9702_s25_41:8(c),未学
9702_s25_43,8(d)(i),1,Q06,,657,312,9702_s25_41:8(d)(i),未学
9702_s25_43,8(d)(ii),2,Q06,,657,312,9702_s25_41:8(d)(ii),未学
9702_s25_43,8(d)(iii),1,Q06,,657,312,9702_s25_41:8(d)(iii),未学
9702_s25_43,8(d)(iv),1,Q06,,657,312,9702_s25_41:8(d)(iv),未学
9702_s25_43,8(d)(v),3,Q06,,657,313,9702_s25_41:8(d)(v),未学
9702_s25_43,9(a),1,N04,,659,314,9702_s25_41:9(a),未学
9702_s25_43,9(b),3,N04,,659,314,9702_s25_41:9(b),未学
9702_s25_43,9(c)(i),2,N04,,659,314,9702_s25_41:9(c)(i),未学
9702_s25_43,9(c)(ii),1,N04,,659,314,9702_s25_41:9(c)(ii),未学
9702_s25_43,9(c)(iii),3,N04,,659,314,9702_s25_41:9(c)(iii),未学
9702_s25_43,10(a),2,Z05,,661,315,9702_s25_41:10(a),未学
9702_s25_43,10(b)(i),2,Z04,,661,315,9702_s25_41:10(b)(i),未学
9702_s25_43,10(b)(ii),2,Z04,,661,315,9702_s25_41:10(b)(ii),未学
9702_s25_43,10(b)(iii),2,Z03,,661,315,9702_s25_41:10(b)(iii),未学
9702_s25_43,10(c),2,Z05,,661,315,9702_s25_41:10(c),未学
9702_w22_41,1(a),2,G01,,98,357,,未学
9702_w22_41,1(b),3,G05,,98,357,,未学
9702_w22_41,1(c)(i),2,G05,,98,357,,未学
9702_w22_41,1(c)(ii),2,G06,,98,357,,未学
9702_w22_41,2(a),2,T02,,100,358,,未学
9702_w22_41,2(b)(i),4,T03,,100,358,,未学
9702_w22_41,2(b)(ii),1,T02,,100,358,,未学
9702_w22_41,2(c)(i),2,T01,,100,358,,未学
9702_w22_41,2(c)(ii),1,T01,,100,358,,未学
9702_w22_41,3(a),2,S01,,102,359,,未学
9702_w22_41,3(b)(i),1,S02,,102,359,,未学
9702_w22_41,3(b)(ii),2,S02,,102,359,,未学
9702_w22_41,3(b)(iii),2,S03,,102,359,,未学
9702_w22_41,3(c)(i),2,S04,,102,359,,未学
9702_w22_41,3(c)(ii),2,S04,,102,359,,未学
9702_w22_41,4(a),2,E01,,105,360,,未学
9702_w22_41,4(b)(i),3,E01,,105,360,,未学
9702_w22_41,4(b)(ii),2,E06,,105,360,,未学
9702_w22_41,4(c)(i),2,E06,,105,360,,未学
9702_w22_41,4(c)(ii),3,E06,,105,360,,未学
9702_w22_41,5(a)(i),2,D01,,107,361,,未学
9702_w22_41,5(a)(ii),1,D05,,107,361,,未学
9702_w22_41,5(a)(iii),2,D06,,107,361,,未学
9702_w22_41,5(a)(iv),2,D05,,107,361,,未学
9702_w22_41,5(b)(i),3,I02,,107,361,,未学
9702_w22_41,5(b)(ii),1,I04,,107,361,,未学
9702_w22_41,6(a)(i),1,B06,,109,362,,未学
9702_w22_41,6(a)(ii),3,B06,,109,362,,未学
9702_w22_41,6(b)(i),3,B06,,109,362,,未学
9702_w22_41,6(b)(ii),2,B06,,109,362,,未学
9702_w22_41,7(a)(i),2,A02,,111,363,,未学
9702_w22_41,7(a)(ii),3,A02,,111,363,,未学
9702_w22_41,7(a)(iii),1,A02,,111,363,,未学
9702_w22_41,7(b)(i),3,M04,,111,363,,未学
9702_w22_41,7(b)(ii),1,M04,,111,363,,未学
9702_w22_41,8(a),2,Q02,,113,364,,未学
9702_w22_41,8(b)(i),2,Q01,,113,364,,未学
9702_w22_41,8(b)(ii),2,Q02,,113,364,,未学
9702_w22_41,8(c)(i),2,Q02,,113,364,,未学
9702_w22_41,8(c)(ii),2,Q01,,113,364,,未学
9702_w22_41,9(a),1,Z01,,114,365,,未学
9702_w22_41,9(b)(i),2,Z01,,114,365,,未学
9702_w22_41,9(b)(ii),2,Z02,,114,365,,未学
9702_w22_41,9(c),3,Z03,,114,365,,未学
9702_w22_41,10(a)(i),1,N03,,115,366,,未学
9702_w22_41,10(a)(ii),1,N03,,115,366,,未学
9702_w22_41,10(b)(i),1,N03,,115,366,,未学
9702_w22_41,10(b)(ii),1,N04,,115,366,,未学
9702_w22_41,10(b)(iii),1,N04,,115,366,,未学
9702_w22_41,10(b)(iv),2,N04,,115,366,,未学
9702_w22_41,10(b)(v),1,N04,,115,366,,未学
9702_w22_41,10(c),2,N01,,115,366,,未学
9702_w22_42,1(a),1,G01,,121,372,,未学
9702_w22_42,1(b)(i),2,G01,,121,372,,未学
9702_w22_42,1(b)(ii),2,C05,G05,121,372,,未学
9702_w22_42,1(c)(i),3,C04,,121,372,,未学
9702_w22_42,1(c)(ii),2,C08,,121,372,,未学
9702_w22_42,2(a),2,T03,,123,373,,未学
9702_w22_42,2(b)(i),2,H02,,123,373,,未学
9702_w22_42,2(b)(ii),2,H02,,123,373,,未学
9702_w22_42,2(c),1,H02,T03,123,373,,未学
9702_w22_42,3(a),3,K01,,124,374,,未学
9702_w22_42,3(b),2,K04,,124,374,,未学
9702_w22_42,3(c)(i),3,K04,,124,374,,未学
9702_w22_42,3(c)(ii),2,K04,,124,374,,未学
9702_w22_42,4(a)(i),1,S02,,126,375,,未学
9702_w22_42,4(a)(ii),2,S02,,126,375,,未学
9702_w22_42,4(a)(iii),3,S03,,126,375,,未学
9702_w22_42,4(b),4,S03,,126,375,,未学
9702_w22_42,5(a),2,E04,,128,376,,未学
9702_w22_42,5(b)(i),1,E04,,128,376,,未学
9702_w22_42,5(b)(ii),2,E04,,128,376,,未学
9702_w22_42,5(c)(i),2,E05,,128,376,,未学
9702_w22_42,5(c)(ii),3,E05,,128,376,,未学
9702_w22_42,6(a),3,D05,,130,377,,未学
9702_w22_42,6(b),3,D06,,130,377,,未学
9702_w22_42,6(c)(i),2,D01,,130,378,,未学
9702_w22_42,6(c)(ii),2,D06,,130,378,,未学
9702_w22_42,7(a),3,B02,,132,379,,未学
9702_w22_42,7(b)(i),2,B02,,132,379,,未学
9702_w22_42,7(b)(ii),3,B02,,132,379,,未学
9702_w22_42,7(b)(iii),2,B02,,132,379,,未学
9702_w22_42,8(a),2,I03,,134,380,,未学
9702_w22_42,8(b)(i),3,A01,,134,380,,未学
9702_w22_42,8(b)(ii),3,I04,,134,380,,未学
9702_w22_42,8(b)(iii),3,I02,,134,380,,未学
9702_w22_42,9(a)(i),3,Q05,,136,381,,未学
9702_w22_42,9(a)(ii),3,Q05,,136,381,,未学
9702_w22_42,9(b)(i),1,Z04,,136,381,,未学
9702_w22_42,9(b)(ii),1,Z04,,136,381,,未学
9702_w22_42,9(b)(iii),3,Z04,,136,381,,未学
9702_w22_42,9(c),2,Z05,,136,381,,未学
9702_w22_42,10(a)(i),2,M06,,138,382,,未学
9702_w22_42,10(a)(ii),3,Q06,,138,382,,未学
9702_w22_42,10(b),4,Q06,,138,382,,未学
9702_w22_43,1(a),2,G01,,143,388,9702_w22_41:1(a),未学
9702_w22_43,1(b),3,G05,,143,388,9702_w22_41:1(b),未学
9702_w22_43,1(c)(i),2,G05,,143,388,9702_w22_41:1(c)(i),未学
9702_w22_43,1(c)(ii),2,G06,,143,388,9702_w22_41:1(c)(ii),未学
9702_w22_43,2(a),2,T02,,145,389,9702_w22_41:2(a),未学
9702_w22_43,2(b)(i),4,T03,,145,389,9702_w22_41:2(b)(i),未学
9702_w22_43,2(b)(ii),1,T02,,145,389,9702_w22_41:2(b)(ii),未学
9702_w22_43,2(c)(i),2,T01,,145,389,9702_w22_41:2(c)(i),未学
9702_w22_43,2(c)(ii),1,T01,,145,389,9702_w22_41:2(c)(ii),未学
9702_w22_43,3(a),2,S01,,147,390,9702_w22_41:3(a),未学
9702_w22_43,3(b)(i),1,S02,,147,390,9702_w22_41:3(b)(i),未学
9702_w22_43,3(b)(ii),2,S02,,147,390,9702_w22_41:3(b)(ii),未学
9702_w22_43,3(b)(iii),2,S03,,147,390,9702_w22_41:3(b)(iii),未学
9702_w22_43,3(c)(i),2,S04,,147,390,9702_w22_41:3(c)(i),未学
9702_w22_43,3(c)(ii),2,S04,,147,390,9702_w22_41:3(c)(ii),未学
9702_w22_43,4(a),2,E01,,150,391,9702_w22_41:4(a),未学
9702_w22_43,4(b)(i),3,E01,,150,391,9702_w22_41:4(b)(i),未学
9702_w22_43,4(b)(ii),2,E06,,150,391,9702_w22_41:4(b)(ii),未学
9702_w22_43,4(c)(i),2,E06,,150,391,9702_w22_41:4(c)(i),未学
9702_w22_43,4(c)(ii),3,E06,,150,391,9702_w22_41:4(c)(ii),未学
9702_w22_43,5(a)(i),2,D01,,152,392,9702_w22_41:5(a)(i),未学
9702_w22_43,5(a)(ii),1,D05,,152,392,9702_w22_41:5(a)(ii),未学
9702_w22_43,5(a)(iii),2,D06,,152,392,9702_w22_41:5(a)(iii),未学
9702_w22_43,5(a)(iv),2,D05,,152,392,9702_w22_41:5(a)(iv),未学
9702_w22_43,5(b)(i),3,I02,,152,392,9702_w22_41:5(b)(i),未学
9702_w22_43,5(b)(ii),1,I04,,152,392,9702_w22_41:5(b)(ii),未学
9702_w22_43,6(a)(i),1,B06,,154,393,9702_w22_41:6(a)(i),未学
9702_w22_43,6(a)(ii),3,B06,,154,393,9702_w22_41:6(a)(ii),未学
9702_w22_43,6(b)(i),3,B06,,154,393,9702_w22_41:6(b)(i),未学
9702_w22_43,6(b)(ii),2,B06,,154,393,9702_w22_41:6(b)(ii),未学
9702_w22_43,7(a)(i),2,A02,,156,394,9702_w22_41:7(a)(i),未学
9702_w22_43,7(a)(ii),3,A02,,156,394,9702_w22_41:7(a)(ii),未学
9702_w22_43,7(a)(iii),1,A02,,156,394,9702_w22_41:7(a)(iii),未学
9702_w22_43,7(b)(i),3,M04,,156,394,9702_w22_41:7(b)(i),未学
9702_w22_43,7(b)(ii),1,M04,,156,394,9702_w22_41:7(b)(ii),未学
9702_w22_43,8(a),2,Q02,,158,395,9702_w22_41:8(a),未学
9702_w22_43,8(b)(i),2,Q01,,158,395,9702_w22_41:8(b)(i),未学
9702_w22_43,8(b)(ii),2,Q02,,158,395,9702_w22_41:8(b)(ii),未学
9702_w22_43,8(c)(i),2,Q02,,158,395,9702_w22_41:8(c)(i),未学
9702_w22_43,8(c)(ii),2,Q01,,158,395,9702_w22_41:8(c)(ii),未学
9702_w22_43,9(a),1,Z01,,159,396,9702_w22_41:9(a),未学
9702_w22_43,9(b)(i),2,Z01,,159,396,9702_w22_41:9(b)(i),未学
9702_w22_43,9(b)(ii),2,Z02,,159,396,9702_w22_41:9(b)(ii),未学
9702_w22_43,9(c),3,Z03,,159,396,9702_w22_41:9(c),未学
9702_w22_43,10(a)(i),1,N03,,160,397,9702_w22_41:10(a)(i),未学
9702_w22_43,10(a)(ii),1,N03,,160,397,9702_w22_41:10(a)(ii),未学
9702_w22_43,10(b)(i),1,N03,,160,397,9702_w22_41:10(b)(i),未学
9702_w22_43,10(b)(ii),1,N04,,160,397,9702_w22_41:10(b)(ii),未学
9702_w22_43,10(b)(iii),1,N04,,160,397,9702_w22_41:10(b)(iii),未学
9702_w22_43,10(b)(iv),2,N04,,160,397,9702_w22_41:10(b)(iv),未学
9702_w22_43,10(b)(v),1,N04,,160,397,9702_w22_41:10(b)(v),未学
9702_w22_43,10(c),2,N01,,160,397,9702_w22_41:10(c),未学
9702_w23_41,1(a)(i),1,G01,,281,431,,未学
9702_w23_41,1(a)(ii),2,G01,,281,431,,未学
9702_w23_41,1(b)(i),2,G01,,281,431,,未学
9702_w23_41,1(b)(ii),2,G01,,281,431,,未学
9702_w23_41,1(b)(iii),3,G01,,281,431,,未学
9702_w23_41,2(a),2,T03,,283,432,,未学
9702_w23_41,2(b)(i),1,H02,,283,432,,未学
9702_w23_41,2(b)(ii),2,H02,,283,432,,未学
9702_w23_41,2(b)(iii),2,H02,,283,432,,未学
9702_w23_41,2(b)(iv),2,T03,,283,432,,未学
9702_w23_41,2(c),3,H02,T03,283,432,,未学
9702_w23_41,3(a)(i),3,K03,,285,433,,未学
9702_w23_41,3(a)(ii),2,K04,,285,433,,未学
9702_w23_41,3(b),2,K04,,285,433,,未学
9702_w23_41,3(c)(i),2,Z01,,285,433,,未学
9702_w23_41,3(c)(ii),2,Z02,,285,433,,未学
9702_w23_41,3(d),2,K03,,285,433,,未学
9702_w23_41,4(a),2,S01,,287,434,,未学
9702_w23_41,4(b)(i),2,S02,,287,434,,未学
9702_w23_41,4(b)(ii),2,S03,,287,434,,未学
9702_w23_41,4(c),3,S04,,287,434,,未学
9702_w23_41,5(a),2,E04,,289,435,,未学
9702_w23_41,5(b),3,E04,,289,435,,未学
9702_w23_41,5(c),3,E05,,289,435,,未学
9702_w23_41,6(a),2,B02,,291,436,,未学
9702_w23_41,6(b)(i),1,B03,,291,436,,未学
9702_w23_41,6(b)(ii),2,B03,,291,436,,未学
9702_w23_41,6(b)(iii),1,B03,,291,436,,未学
9702_w23_41,6(b)(iv),3,B04,,291,436,,未学
9702_w23_41,6(c),3,B04,,291,436,,未学
9702_w23_41,7(a)(i),1,A02,,293,437,,未学
9702_w23_41,7(a)(ii),1,A02,,293,437,,未学
9702_w23_41,7(b),3,A02,,293,437,,未学
9702_w23_41,7(c)(i),1,A02,,293,437,,未学
9702_w23_41,7(c)(ii),2,A02,,293,437,,未学
9702_w23_41,8(a)(i),2,Q01,,295,438,,未学
9702_w23_41,8(a)(ii),1,Q01,,295,438,,未学
9702_w23_41,8(b)(i),2,Q01,,295,438,,未学
9702_w23_41,8(b)(ii),3,Q07,,295,438,,未学
9702_w23_41,8(c),2,Q07,,295,438,,未学
9702_w23_41,9(a),2,N02,,297,439,,未学
9702_w23_41,9(b),2,N02,,297,439,,未学
9702_w23_41,9(c)(i),1,N02,,297,439,,未学
9702_w23_41,9(c)(ii),1,N02,,297,439,,未学
9702_w23_41,9(d),4,N02,N06,297,439,,未学
9702_w23_41,10(a),4,M01,M04,299,440,,未学
9702_w23_41,10(b)(i),2,M02,,299,440,,未学
9702_w23_41,10(b)(ii),2,M02,,299,440,,未学
9702_w23_42,1(a),1,C01,,304,446,,未学
9702_w23_42,1(b),2,C02,,304,446,,未学
9702_w23_42,1(c)(i),1,C02,,304,446,,未学
9702_w23_42,1(c)(ii),2,C01,,304,446,,未学
9702_w23_42,1(c)(iii),2,C04,,304,446,,未学
9702_w23_42,1(d),2,C09,,304,446,,未学
9702_w23_42,2(a)(i),2,G03,,306,447,,未学
9702_w23_42,2(a)(ii),2,G03,,306,447,,未学
9702_w23_42,2(b)(i),1,G04,,306,447,,未学
9702_w23_42,2(b)(ii),2,G04,,306,447,,未学
9702_w23_42,2(c),1,G04,,306,447,,未学
9702_w23_42,2(d),3,K04,,306,447,,未学
9702_w23_42,2(e),1,K04,G04,306,447,,未学
9702_w23_42,3(a),2,H01,,308,448,,未学
9702_w23_42,3(b)(i),3,H02,,308,448,,未学
9702_w23_42,3(b)(ii),3,H02,,308,448,,未学
9702_w23_42,4(a)(i),1,S02,,309,449,,未学
9702_w23_42,4(a)(ii),1,S02,,309,449,,未学
9702_w23_42,4(a)(iii),2,S02,,309,449,,未学
9702_w23_42,4(b)(i),2,X01,S02,309,449,,未学
9702_w23_42,4(b)(ii),2,A01,S02,309,449,,未学
9702_w23_42,4(b)(iii),2,A01,,309,449,,未学
9702_w23_42,4(b)(iv),1,A02,,309,449,,未学
9702_w23_42,5(a),2,E02,,311,450,,未学
9702_w23_42,5(b),2,E02,,311,450,,未学
9702_w23_42,5(c)(i),1,E01,,311,450,,未学
9702_w23_42,5(c)(ii),3,E01,,311,450,,未学
9702_w23_42,5(c)(iii),3,E06,,311,450,,未学
9702_w23_42,6(a)(i),2,D03,,313,451,,未学
9702_w23_42,6(a)(ii),2,D01,,313,451,,未学
9702_w23_42,6(b)(i),2,D06,,313,451,,未学
9702_w23_42,6(b)(ii),1,D06,,313,451,,未学
9702_w23_42,6(b)(iii),2,D06,,313,451,,未学
9702_w23_42,7(a)(i),1,B06,,315,452,,未学
9702_w23_42,7(a)(ii),3,B06,,315,452,,未学
9702_w23_42,7(b)(i),3,I02,,315,452,,未学
9702_w23_42,7(b)(ii),4,I04,,315,452,,未学
9702_w23_42,8(a),2,Q01,,317,453,,未学
9702_w23_42,8(b)(i),1,Q02,,317,453,,未学
9702_w23_42,8(b)(ii),3,Q02,,317,453,,未学
9702_w23_42,8(c)(i),1,Q02,,317,453,,未学
9702_w23_42,8(c)(ii),1,Q02,,317,453,,未学
9702_w23_42,9(a)(i),1,M06,,319,454,,未学
9702_w23_42,9(a)(ii),2,N05,,319,454,,未学
9702_w23_42,9(b)(i),2,M06,,319,454,,未学
9702_w23_42,9(b)(ii),2,M06,,319,454,,未学
9702_w23_42,9(c)(i),3,N04,M06,319,454,,未学
9702_w23_42,9(c)(ii),2,N04,,319,454,,未学
9702_w23_42,10(a),2,Z03,,321,455,,未学
9702_w23_42,10(b)(i),1,Z01,,321,455,,未学
9702_w23_42,10(b)(ii),1,Z04,,321,455,,未学
9702_w23_42,10(b)(iii),4,Z03,Z02,321,455,,未学
9702_w23_43,1(a)(i),1,G01,,326,462,9702_w23_41:1(a)(i),未学
9702_w23_43,1(a)(ii),2,G01,,326,462,9702_w23_41:1(a)(ii),未学
9702_w23_43,1(b)(i),2,G01,,326,462,9702_w23_41:1(b)(i),未学
9702_w23_43,1(b)(ii),2,G01,,326,462,9702_w23_41:1(b)(ii),未学
9702_w23_43,1(b)(iii),3,G01,,326,462,9702_w23_41:1(b)(iii),未学
9702_w23_43,2(a),2,T03,,328,463,9702_w23_41:2(a),未学
9702_w23_43,2(b)(i),1,H02,,328,463,9702_w23_41:2(b)(i),未学
9702_w23_43,2(b)(ii),2,H02,,328,463,9702_w23_41:2(b)(ii),未学
9702_w23_43,2(b)(iii),2,H02,,328,463,9702_w23_41:2(b)(iii),未学
9702_w23_43,2(b)(iv),2,T03,,328,463,9702_w23_41:2(b)(iv),未学
9702_w23_43,2(c),3,H02,T03,328,463,9702_w23_41:2(c),未学
9702_w23_43,3(a)(i),3,K03,,330,464,9702_w23_41:3(a)(i),未学
9702_w23_43,3(a)(ii),2,K04,,330,464,9702_w23_41:3(a)(ii),未学
9702_w23_43,3(b),2,K04,,330,464,9702_w23_41:3(b),未学
9702_w23_43,3(c)(i),2,Z01,,330,464,9702_w23_41:3(c)(i),未学
9702_w23_43,3(c)(ii),2,Z02,,330,464,9702_w23_41:3(c)(ii),未学
9702_w23_43,3(d),2,K03,,330,464,9702_w23_41:3(d),未学
9702_w23_43,4(a),2,S01,,332,465,9702_w23_41:4(a),未学
9702_w23_43,4(b)(i),2,S02,,332,465,9702_w23_41:4(b)(i),未学
9702_w23_43,4(b)(ii),2,S03,,332,465,9702_w23_41:4(b)(ii),未学
9702_w23_43,4(c),3,S04,,332,465,9702_w23_41:4(c),未学
9702_w23_43,5(a),2,E04,,334,466,9702_w23_41:5(a),未学
9702_w23_43,5(b),3,E04,,334,466,9702_w23_41:5(b),未学
9702_w23_43,5(c),3,E05,,334,466,9702_w23_41:5(c),未学
9702_w23_43,6(a),2,B02,,336,467,9702_w23_41:6(a),未学
9702_w23_43,6(b)(i),1,B03,,336,467,9702_w23_41:6(b)(i),未学
9702_w23_43,6(b)(ii),2,B03,,336,467,9702_w23_41:6(b)(ii),未学
9702_w23_43,6(b)(iii),1,B03,,336,467,9702_w23_41:6(b)(iii),未学
9702_w23_43,6(b)(iv),3,B04,,336,467,9702_w23_41:6(b)(iv),未学
9702_w23_43,6(c),3,B04,,336,467,9702_w23_41:6(c),未学
9702_w23_43,7(a)(i),1,A02,,338,468,9702_w23_41:7(a)(i),未学
9702_w23_43,7(a)(ii),1,A02,,338,468,9702_w23_41:7(a)(ii),未学
9702_w23_43,7(b),3,A02,,338,468,9702_w23_41:7(b),未学
9702_w23_43,7(c)(i),1,A02,,338,468,9702_w23_41:7(c)(i),未学
9702_w23_43,7(c)(ii),2,A02,,338,468,9702_w23_41:7(c)(ii),未学
9702_w23_43,8(a)(i),2,Q01,,340,469,9702_w23_41:8(a)(i),未学
9702_w23_43,8(a)(ii),1,Q01,,340,469,9702_w23_41:8(a)(ii),未学
9702_w23_43,8(b)(i),2,Q01,,340,469,9702_w23_41:8(b)(i),未学
9702_w23_43,8(b)(ii),3,Q07,,340,469,9702_w23_41:8(b)(ii),未学
9702_w23_43,8(c),2,Q07,,340,469,9702_w23_41:8(c),未学
9702_w23_43,9(a),2,N02,,342,470,9702_w23_41:9(a),未学
9702_w23_43,9(b),2,N02,,342,470,9702_w23_41:9(b),未学
9702_w23_43,9(c)(i),1,N02,,342,470,9702_w23_41:9(c)(i),未学
9702_w23_43,9(c)(ii),1,N02,,342,470,9702_w23_41:9(c)(ii),未学
9702_w23_43,9(d),4,N02,N06,342,470,9702_w23_41:9(d),未学
9702_w23_43,10(a),4,M01,M04,344,471,9702_w23_41:10(a),未学
9702_w23_43,10(b)(i),2,M02,,344,471,9702_w23_41:10(b)(i),未学
9702_w23_43,10(b)(ii),2,M02,,344,471,9702_w23_41:10(b)(ii),未学
9702_w24_41,1(a),2,G01,,501,508,,未学
9702_w24_41,1(b)(i),2,C05,G05,501,508,,未学
9702_w24_41,1(b)(ii),3,G05,,501,508,,未学
9702_w24_41,1(b)(iii),5,G05,,501,508,,未学
9702_w24_41,2(a),2,T03,,503,509,,未学
9702_w24_41,2(b)(i),3,T03,,503,509,,未学
9702_w24_41,2(b)(ii),3,T03,,503,509,,未学
9702_w24_41,3(a)(i),1,K02,,505,510,,未学
9702_w24_41,3(a)(ii),1,K02,,505,510,,未学
9702_w24_41,3(b)(i),4,K01,K04+H01,505,510,,未学
9702_w24_41,3(b)(ii),2,K04,,505,510,,未学
9702_w24_41,4(a),2,S01,,507,511,,未学
9702_w24_41,4(b)(i),1,S02,,507,511,,未学
9702_w24_41,4(b)(ii),2,S02,,507,511,,未学
9702_w24_41,4(b)(iii),2,S02,,507,511,,未学
9702_w24_41,4(b)(iv),4,S02,,507,511,,未学
9702_w24_41,5(a),2,E04,,509,512,,未学
9702_w24_41,5(b),3,E03,,509,512,,未学
9702_w24_41,5(c)(i),2,E04,,509,512,,未学
9702_w24_41,5(c)(ii),1,E03,,509,512,,未学
9702_w24_41,5(c)(iii),2,E03,,509,512,,未学
9702_w24_41,6(a)(i),1,A03,,511,513,,未学
9702_w24_41,6(a)(ii),2,A03,,511,513,,未学
9702_w24_41,6(b)(i),2,A03,,511,513,,未学
9702_w24_41,6(b)(ii),1,A04,,511,513,,未学
9702_w24_41,6(c)(i),2,D03,,511,513,,未学
9702_w24_41,6(c)(ii),3,D05,A04,511,513,,未学
9702_w24_41,7(a),2,B02,,513,514,,未学
9702_w24_41,7(b),3,B01,,513,514,,未学
9702_w24_41,7(c)(i),2,B02,,513,514,,未学
9702_w24_41,7(c)(ii),1,B02,,513,514,,未学
9702_w24_41,7(c)(iii),2,B02,,513,514,,未学
9702_w24_41,7(c)(iv),1,B02,,513,514,,未学
9702_w24_41,8(a),1,Q02,,515,515,,未学
9702_w24_41,8(b)(i),2,Q02,,515,515,,未学
9702_w24_41,8(b)(ii),3,Q02,,515,515,,未学
9702_w24_41,8(c),3,Q02,,515,515,,未学
9702_w24_41,9(a)(i),1,N05,,518,516,,未学
9702_w24_41,9(a)(ii),1,N04,,518,516,,未学
9702_w24_41,9(a)(iii),3,N04,,518,516,,未学
9702_w24_41,9(b)(i),3,M06,,518,516,,未学
9702_w24_41,9(b)(ii),2,M06,,518,516,,未学
9702_w24_41,10(a),3,Z05,,519,517,,未学
9702_w24_41,10(b)(i),2,Z01,,519,517,,未学
9702_w24_41,10(b)(ii),2,Z04,,519,517,,未学
9702_w24_41,10(c)(i),2,Z05,,519,517,,未学
9702_w24_41,10(c)(ii),1,Z05,,519,517,,未学
9702_w24_42,1(a)(i),2,C03,,525,522,,未学
9702_w24_42,1(a)(ii),2,C04,,525,522,,未学
9702_w24_42,1(b)(i),2,I03,,525,522,,未学
9702_w24_42,1(b)(ii),1,C02,,525,522,,未学
9702_w24_42,1(b)(iii),3,I01,,525,522,,未学
9702_w24_42,1(b)(iv),2,I02,,525,522,,未学
9702_w24_42,1(b)(v),1,I03,,525,522,,未学
9702_w24_42,2(a),1,G01,,527,523,,未学
9702_w24_42,2(b)(i),2,G01,,527,523,,未学
9702_w24_42,2(b)(ii),2,G04,,527,523,,未学
9702_w24_42,2(c)(i),3,Z01,G01,527,523,,未学
9702_w24_42,2(c)(ii),2,Z01,,527,523,,未学
9702_w24_42,2(c)(iii),2,Z02,,527,523,,未学
9702_w24_42,3(a),2,T04,,529,524,,未学
9702_w24_42,3(b)(i),2,H02,,529,524,,未学
9702_w24_42,3(b)(ii),2,H02,,529,524,,未学
9702_w24_42,3(b)(iii),2,T04,,529,524,,未学
9702_w24_42,3(c),3,T04,H01,529,524,,未学
9702_w24_42,4(a),3,K03,,531,525,,未学
9702_w24_42,4(b),3,K03,,531,525,,未学
9702_w24_42,4(c),3,K03,K02,531,525,,未学
9702_w24_42,5(a),1,S02,,533,526,,未学
9702_w24_42,5(b)(i),1,S02,,533,526,,未学
9702_w24_42,5(b)(ii),2,S02,,533,526,,未学
9702_w24_42,5(b)(iii),2,S03,,533,526,,未学
9702_w24_42,5(c),3,S03,,533,526,,未学
9702_w24_42,6(a),2,E02,,535,527,,未学
9702_w24_42,6(b),3,E01,,535,527,,未学
9702_w24_42,6(c)(i),1,E01,,535,527,,未学
9702_w24_42,6(c)(ii),3,E03,,535,527,,未学
9702_w24_42,6(c)(iii),1,E01,,535,527,,未学
9702_w24_42,7(a),2,D01,,537,528,,未学
9702_w24_42,7(b)(i),2,D01,,537,528,,未学
9702_w24_42,7(b)(ii),2,D03,,537,528,,未学
9702_w24_42,7(c)(i),3,D04,,537,528,,未学
9702_w24_42,7(c)(ii),1,D04,,537,528,,未学
9702_w24_42,8(a),1,A01,,539,529,,未学
9702_w24_42,8(b)(i),1,A01,,539,529,,未学
9702_w24_42,8(b)(ii),3,A01,,539,529,,未学
9702_w24_42,8(b)(iii),1,A02,,539,529,,未学
9702_w24_42,8(c),3,A02,,539,529,,未学
9702_w24_42,9(a),1,Q03,,541,530,,未学
9702_w24_42,9(b),3,Q04,,541,530,,未学
9702_w24_42,9(c),2,Q04,,541,530,,未学
9702_w24_42,9(d)(i),2,Q04,,541,530,,未学
9702_w24_42,9(d)(ii),1,Q04,,541,530,,未学
9702_w24_42,10(a)(i),1,N03,,544,531,,未学
9702_w24_42,10(a)(ii),1,N03,,544,531,,未学
9702_w24_42,10(a)(iii),1,N03,,544,531,,未学
9702_w24_42,10(b)(i),3,N02,,544,531,,未学
9702_w24_42,10(b)(ii),2,N02,,544,531,,未学
9702_w24_43,1(a),2,G01,,549,537,9702_w24_41:1(a),未学
9702_w24_43,1(b)(i),2,C05,G05,549,537,9702_w24_41:1(b)(i),未学
9702_w24_43,1(b)(ii),3,G05,,549,537,9702_w24_41:1(b)(ii),未学
9702_w24_43,1(b)(iii),5,G05,,549,537,9702_w24_41:1(b)(iii),未学
9702_w24_43,2(a),2,T03,,551,538,9702_w24_41:2(a),未学
9702_w24_43,2(b)(i),3,T03,,551,538,9702_w24_41:2(b)(i),未学
9702_w24_43,2(b)(ii),3,T03,,551,538,9702_w24_41:2(b)(ii),未学
9702_w24_43,3(a)(i),1,K02,,553,539,9702_w24_41:3(a)(i),未学
9702_w24_43,3(a)(ii),1,K02,,553,539,9702_w24_41:3(a)(ii),未学
9702_w24_43,3(b)(i),4,K01,K04+H01,553,539,9702_w24_41:3(b)(i),未学
9702_w24_43,3(b)(ii),2,K04,,553,539,9702_w24_41:3(b)(ii),未学
9702_w24_43,4(a),2,S01,,555,540,9702_w24_41:4(a),未学
9702_w24_43,4(b)(i),1,S02,,555,540,9702_w24_41:4(b)(i),未学
9702_w24_43,4(b)(ii),2,S02,,555,540,9702_w24_41:4(b)(ii),未学
9702_w24_43,4(b)(iii),2,S02,,555,540,9702_w24_41:4(b)(iii),未学
9702_w24_43,4(b)(iv),4,S02,,555,540,9702_w24_41:4(b)(iv),未学
9702_w24_43,5(a),2,E04,,557,541,9702_w24_41:5(a),未学
9702_w24_43,5(b),3,E03,,557,541,9702_w24_41:5(b),未学
9702_w24_43,5(c)(i),2,E04,,557,541,9702_w24_41:5(c)(i),未学
9702_w24_43,5(c)(ii),1,E03,,557,541,9702_w24_41:5(c)(ii),未学
9702_w24_43,5(c)(iii),2,E03,,557,541,9702_w24_41:5(c)(iii),未学
9702_w24_43,6(a)(i),1,A03,,559,542,9702_w24_41:6(a)(i),未学
9702_w24_43,6(a)(ii),2,A03,,559,542,9702_w24_41:6(a)(ii),未学
9702_w24_43,6(b)(i),2,A03,,559,542,9702_w24_41:6(b)(i),未学
9702_w24_43,6(b)(ii),1,A04,,559,542,9702_w24_41:6(b)(ii),未学
9702_w24_43,6(c)(i),2,D03,,559,542,9702_w24_41:6(c)(i),未学
9702_w24_43,6(c)(ii),3,D05,A04,559,542,9702_w24_41:6(c)(ii),未学
9702_w24_43,7(a),2,B02,,561,543,9702_w24_41:7(a),未学
9702_w24_43,7(b),3,B01,,561,543,9702_w24_41:7(b),未学
9702_w24_43,7(c)(i),2,B02,,561,543,9702_w24_41:7(c)(i),未学
9702_w24_43,7(c)(ii),1,B02,,561,543,9702_w24_41:7(c)(ii),未学
9702_w24_43,7(c)(iii),2,B02,,561,543,9702_w24_41:7(c)(iii),未学
9702_w24_43,7(c)(iv),1,B02,,561,543,9702_w24_41:7(c)(iv),未学
9702_w24_43,8(a),1,Q02,,563,544,9702_w24_41:8(a),未学
9702_w24_43,8(b)(i),2,Q02,,563,544,9702_w24_41:8(b)(i),未学
9702_w24_43,8(b)(ii),3,Q02,,563,544,9702_w24_41:8(b)(ii),未学
9702_w24_43,8(c),3,Q02,,563,544,9702_w24_41:8(c),未学
9702_w24_43,9(a)(i),1,N05,,566,545,9702_w24_41:9(a)(i),未学
9702_w24_43,9(a)(ii),1,N04,,566,545,9702_w24_41:9(a)(ii),未学
9702_w24_43,9(a)(iii),3,N04,,566,545,9702_w24_41:9(a)(iii),未学
9702_w24_43,9(b)(i),3,M06,,566,545,9702_w24_41:9(b)(i),未学
9702_w24_43,9(b)(ii),2,M06,,566,545,9702_w24_41:9(b)(ii),未学
9702_w24_43,10(a),3,Z05,,567,546,9702_w24_41:10(a),未学
9702_w24_43,10(b)(i),2,Z01,,567,546,9702_w24_41:10(b)(i),未学
9702_w24_43,10(b)(ii),2,Z04,,567,546,9702_w24_41:10(b)(ii),未学
9702_w24_43,10(c)(i),2,Z05,,567,546,9702_w24_41:10(c)(i),未学
9702_w24_43,10(c)(ii),1,Z05,,567,546,9702_w24_41:10(c)(ii),未学
9702_w25_41,1(a),2,C05,,693,586,,未学
9702_w25_41,1(b)(i),1,C03,,693,586,,未学
9702_w25_41,1(b)(ii),2,C04,,693,586,,未学
9702_w25_41,1(c)(i),1,C10,,693,586,,未学
9702_w25_41,1(c)(ii),1,C02,,693,586,,未学
9702_w25_41,1(c)(iii),1,C10,,693,586,,未学
9702_w25_41,1(c)(iv),1,C10,,693,586,,未学
9702_w25_41,1(d)(i),1,C10,,693,586,,未学
9702_w25_41,1(d)(ii),2,C02,,693,586,,未学
9702_w25_41,1(d)(iii),2,C10,,693,587,,未学
9702_w25_41,1(e),1,C10,,693,587,,未学
9702_w25_41,2(a),2,H02,,696,587,,未学
9702_w25_41,2(b)(i),3,H02,,696,587,,未学
9702_w25_41,2(b)(ii),3,H01,,696,587,,未学
9702_w25_41,3(a),1,G01,,697,588,,未学
9702_w25_41,3(b)(i),2,G01,,697,588,,未学
9702_w25_41,3(b)(ii),1,G01,,697,588,,未学
9702_w25_41,3(b)(iii),2,G01,,697,588,,未学
9702_w25_41,3(c),3,G02,,697,588,,未学
9702_w25_41,4(a)(i),1,T01,,699,589,,未学
9702_w25_41,4(a)(ii),1,T01,,699,589,,未学
9702_w25_41,4(b)(i),1,K01,,699,589,,未学
9702_w25_41,4(b)(ii),2,K02,,699,589,,未学
9702_w25_41,4(b)(iii),1,K02,,699,589,,未学
9702_w25_41,4(c),4,K04,,699,589,,未学
9702_w25_41,5(a),2,E04,,701,590,,未学
9702_w25_41,5(b)(i),2,E04,,701,590,,未学
9702_w25_41,5(b)(ii),2,E04,,701,590,,未学
9702_w25_41,5(b)(iii),1,E04,,701,590,,未学
9702_w25_41,5(b)(iv),3,E04,,701,590,,未学
9702_w25_41,6(a),4,D02,,703,591,,未学
9702_w25_41,6(b)(i),2,D03,,703,591,,未学
9702_w25_41,6(b)(ii),2,D01,,703,591,,未学
9702_w25_41,6(b)(iii),3,D04,,703,591,,未学
9702_w25_41,7(a),2,I02,,705,592,,未学
9702_w25_41,7(b)(i),2,I02,,705,592,,未学
9702_w25_41,7(b)(ii),2,I01,,705,592,,未学
9702_w25_41,7(b)(iii),2,I02,,705,592,,未学
9702_w25_41,7(b)(iv),3,I03,,705,592,,未学
9702_w25_41,8(a),2,Q01,,707,593,,未学
9702_w25_41,8(b)(i),3,N01,,707,593,,未学
9702_w25_41,8(b)(ii),3,Q01,N06,707,593,,未学
9702_w25_41,8(b)(iii),1,N06,,707,593,,未学
9702_w25_41,8(c),2,N05,,707,593,,未学
9702_w25_41,9(a),2,Z03,,709,594,,未学
9702_w25_41,9(b),3,Z03,Z02,709,594,,未学
9702_w25_41,9(c),2,Z04,,709,594,,未学
9702_w25_41,10(a),2,M05,,711,595,,未学
9702_w25_41,10(b),2,M04,,711,595,,未学
9702_w25_41,10(c)(i),2,M05,,711,595,,未学
9702_w25_41,10(c)(ii),2,M05,,711,595,,未学
9702_w25_42,1(a)(i),1,C03,,717,603,,未学
9702_w25_42,1(a)(ii),3,C03,,717,603,,未学
9702_w25_42,1(b)(i),2,C08,,717,603,,未学
9702_w25_42,1(b)(ii),1,C05,,717,603,,未学
9702_w25_42,1(b)(iii),2,C08,,717,603,,未学
9702_w25_42,2(a),2,G01,,719,604,,未学
9702_w25_42,2(b),2,K03,,719,604,,未学
9702_w25_42,2(c)(i),2,K01,,719,604,,未学
9702_w25_42,2(c)(ii),2,K02,,719,604,,未学
9702_w25_42,2(d)(i),2,G01,,719,604,,未学
9702_w25_42,2(d)(ii),1,K03,G01,719,604,,未学
9702_w25_42,3(a),2,T01,,721,605,,未学
9702_w25_42,3(b)(i),1,T02,,721,605,,未学
9702_w25_42,3(b)(ii),2,T02,,721,605,,未学
9702_w25_42,3(b)(iii),1,T02,,721,605,,未学
9702_w25_42,3(b)(iv),3,T02,,721,606,,未学
9702_w25_42,4(a),2,H02,,723,606,,未学
9702_w25_42,4(b)(i),1,H01,,723,606,,未学
9702_w25_42,4(b)(ii),2,H01,,723,606,,未学
9702_w25_42,4(c)(i),1,H02,,723,606,,未学
9702_w25_42,4(c)(ii),1,H02,,723,606,,未学
9702_w25_42,4(d),3,H03,,723,606,,未学
9702_w25_42,5(a)(i),2,S01,,725,607,,未学
9702_w25_42,5(a)(ii),3,S01,,725,607,,未学
9702_w25_42,5(b)(i),2,S04,,725,607,,未学
9702_w25_42,5(b)(ii),3,S04,,725,607,,未学
9702_w25_42,6(a),1,E01,,727,608,,未学
9702_w25_42,6(b)(i),2,E01,,727,608,,未学
9702_w25_42,6(b)(ii),2,D01,,727,608,,未学
9702_w25_42,6(b)(iii),2,E04,,727,608,,未学
9702_w25_42,6(b)(iv),2,E03,,727,608,,未学
9702_w25_42,6(c),2,D05,,727,608,,未学
9702_w25_42,7(a)(i),1,A01,,729,609,,未学
9702_w25_42,7(a)(ii),1,A02,,729,609,,未学
9702_w25_42,7(b),3,A01,,729,609,,未学
9702_w25_42,7(c),3,A03,A02,729,609,,未学
9702_w25_42,8(a),3,Q05,,731,610,,未学
9702_w25_42,8(b)(i),1,Q05,,731,610,,未学
9702_w25_42,8(b)(ii),2,Q05,,731,610,,未学
9702_w25_42,8(b)(iii),4,Q05,,731,610,,未学
9702_w25_42,9(a),2,N01,,733,611,,未学
9702_w25_42,9(b),4,N06,,733,611,,未学
9702_w25_42,9(c)(i),2,N06,,733,611,,未学
9702_w25_42,9(c)(ii),2,Z02,,733,611,,未学
9702_w25_42,9(d),3,Z01,,733,611,,未学
9702_w25_42,10(a),1,M02,,735,612,,未学
9702_w25_42,10(b)(i),1,M02,,735,612,,未学
9702_w25_42,10(b)(ii),3,M02,,735,612,,未学
9702_w25_42,10(b)(iii),1,M02,,735,612,,未学
9702_w25_42,10(c),3,M03,,735,612,,未学
9702_w25_43,1(a),2,C05,,741,620,9702_w25_41:1(a),未学
9702_w25_43,1(b)(i),1,C03,,741,620,9702_w25_41:1(b)(i),未学
9702_w25_43,1(b)(ii),2,C04,,741,620,9702_w25_41:1(b)(ii),未学
9702_w25_43,1(c)(i),1,C10,,741,620,9702_w25_41:1(c)(i),未学
9702_w25_43,1(c)(ii),1,C02,,741,620,9702_w25_41:1(c)(ii),未学
9702_w25_43,1(c)(iii),1,C10,,741,620,9702_w25_41:1(c)(iii),未学
9702_w25_43,1(c)(iv),1,C10,,741,620,9702_w25_41:1(c)(iv),未学
9702_w25_43,1(d)(i),1,C10,,741,620,9702_w25_41:1(d)(i),未学
9702_w25_43,1(d)(ii),2,C02,,741,620,9702_w25_41:1(d)(ii),未学
9702_w25_43,1(d)(iii),2,C10,,741,621,9702_w25_41:1(d)(iii),未学
9702_w25_43,1(e),1,C10,,741,621,9702_w25_41:1(e),未学
9702_w25_43,2(a),2,H02,,744,621,9702_w25_41:2(a),未学
9702_w25_43,2(b)(i),3,H02,,744,621,9702_w25_41:2(b)(i),未学
9702_w25_43,2(b)(ii),3,H01,,744,621,9702_w25_41:2(b)(ii),未学
9702_w25_43,3(a),1,G01,,745,622,9702_w25_41:3(a),未学
9702_w25_43,3(b)(i),2,G01,,745,622,9702_w25_41:3(b)(i),未学
9702_w25_43,3(b)(ii),1,G01,,745,622,9702_w25_41:3(b)(ii),未学
9702_w25_43,3(b)(iii),2,G01,,745,622,9702_w25_41:3(b)(iii),未学
9702_w25_43,3(c),3,G02,,745,622,9702_w25_41:3(c),未学
9702_w25_43,4(a)(i),1,T01,,747,623,9702_w25_41:4(a)(i),未学
9702_w25_43,4(a)(ii),1,T01,,747,623,9702_w25_41:4(a)(ii),未学
9702_w25_43,4(b)(i),1,K01,,747,623,9702_w25_41:4(b)(i),未学
9702_w25_43,4(b)(ii),2,K02,,747,623,9702_w25_41:4(b)(ii),未学
9702_w25_43,4(b)(iii),1,K02,,747,623,9702_w25_41:4(b)(iii),未学
9702_w25_43,4(c),4,K04,,747,623,9702_w25_41:4(c),未学
9702_w25_43,5(a),2,E04,,749,624,9702_w25_41:5(a),未学
9702_w25_43,5(b)(i),2,E04,,749,624,9702_w25_41:5(b)(i),未学
9702_w25_43,5(b)(ii),2,E04,,749,624,9702_w25_41:5(b)(ii),未学
9702_w25_43,5(b)(iii),1,E04,,749,624,9702_w25_41:5(b)(iii),未学
9702_w25_43,5(b)(iv),3,E04,,749,624,9702_w25_41:5(b)(iv),未学
9702_w25_43,6(a),4,D02,,751,625,9702_w25_41:6(a),未学
9702_w25_43,6(b)(i),2,D03,,751,625,9702_w25_41:6(b)(i),未学
9702_w25_43,6(b)(ii),2,D01,,751,625,9702_w25_41:6(b)(ii),未学
9702_w25_43,6(b)(iii),3,D04,,751,625,9702_w25_41:6(b)(iii),未学
9702_w25_43,7(a),2,I02,,753,626,9702_w25_41:7(a),未学
9702_w25_43,7(b)(i),2,I02,,753,626,9702_w25_41:7(b)(i),未学
9702_w25_43,7(b)(ii),2,I01,,753,626,9702_w25_41:7(b)(ii),未学
9702_w25_43,7(b)(iii),2,I02,,753,626,9702_w25_41:7(b)(iii),未学
9702_w25_43,7(b)(iv),3,I03,,753,626,9702_w25_41:7(b)(iv),未学
9702_w25_43,8(a),2,Q01,,755,627,9702_w25_41:8(a),未学
9702_w25_43,8(b)(i),3,N01,,755,627,9702_w25_41:8(b)(i),未学
9702_w25_43,8(b)(ii),3,Q01,N06,755,627,9702_w25_41:8(b)(ii),未学
9702_w25_43,8(b)(iii),1,N06,,755,627,9702_w25_41:8(b)(iii),未学
9702_w25_43,8(c),2,N05,,755,627,9702_w25_41:8(c),未学
9702_w25_43,9(a),2,Z03,,757,628,9702_w25_41:9(a),未学
9702_w25_43,9(b),3,Z03,Z02,757,628,9702_w25_41:9(b),未学
9702_w25_43,9(c),2,Z04,,757,628,9702_w25_41:9(c),未学
9702_w25_43,10(a),2,M05,,759,629,9702_w25_41:10(a),未学
9702_w25_43,10(b),2,M04,,759,629,9702_w25_41:10(b),未学
9702_w25_43,10(c)(i),2,M05,,759,629,9702_w25_41:10(c)(i),未学
9702_w25_43,10(c)(ii),2,M05,,759,629,9702_w25_41:10(c)(ii),未学
